Genome ID	MC	previous MC used in Coral project	Ecosystem	name	contig number(NGS or nanopore	published	Collaborator	# contigs (NGS)	Completeness	Contamination	algae	Host	niche
GNM526588002907	MC157		mangrove	HKCCHK219	41.0		Lin Xingqin	41.0	98.62376450365277	2.583919804590196			intertidal
GNM526588001520	MC157		bare flat	SZCCDBA116	59.0		Lin Xinqing	59.0	98.80532874946284	2.8557119478907187			intertidal
GNM526588001573	MC157		bare flat	SZCCDBF067	63.0		Lin Xinqing	63.0	98.80532874946284	2.716047143421445			intertidal
GNM526588001576	MC157		bare flat	SZCCDBA192	45.0		Lin Xinqing	45.0	98.80532874946284	2.716047143421445			intertidal
GNM526588001598	MC157		bare flat	SZCCDBH018	57.0		Lin Xinqing	57.0	98.80532874946284	2.716047143421445			intertidal
GNM526588001621	MC157		bare flat	SZCCDBB086	47.0		Lin Xinqing	47.0	98.80532874946284	2.716047143421445			intertidal
GNM526588001525	MC157		bare flat	SZCCDBH091	44.0		Lin Xinqing	44.0	98.71221887981665	2.63845558538296			intertidal
GNM526588001523	MC157		bare flat	SZCCDBF088	55.0		Lin Xinqing	55.0	98.77340536558414	2.735999258345627			intertidal
GNM526588001606	MC157		bare flat	SZCCDBE062	34.0		Lin Xinqing	34.0	98.9030941125913	4.099071319741711			intertidal
GNM526588001586	MC157		bare flat	SZCCDBB077	31.0		Lin Xinqing	31.0	98.87516115169748	3.010895063967689			intertidal
GNM526588001536	MC157		bare flat	SZCCDBE037	29.0		Lin Xinqing	29.0	98.9030941125913	3.3460905946939463			intertidal
GNM526588001543	MC157		bare flat	SZCCDBC029	25.0		Lin Xinqing	25.0	98.87516115169748	3.3460905946939463			intertidal
GNM526588001547	MC157		bare flat	SZCCDBB076	29.0		Lin Xinqing	29.0	98.87516115169748	3.290224672906237			intertidal
GNM526588001559	MC157		bare flat	SZCCDBH069	20.0		Lin Xinqing	20.0	98.9030941125913	3.290224672906237			intertidal
GNM526588001529	MC157		bare flat	SZCCDBB073	31.0		Lin Xinqing	31.0	98.9030941125913	3.625420203632494			intertidal
GNM526588001615	MC157		bare flat	SZCCDBA019	28.0		Lin Xinqing	28.0	98.87516115169748	3.3460905946939463			intertidal
GNM526588001589	MC157		bare flat	SZCCDBF069	31.0		Lin Xinqing	31.0	98.9030941125913	3.645372318556676			intertidal
GNM526588001565	MC157		bare flat	SZCCDBC011	25.0		Lin Xinqing	25.0	98.87516115169748	3.197114803260054			intertidal
GNM526588001600	MC157		bare flat	SZCCDBD022	24.0		Lin Xinqing	24.0	98.87516115169748	14.823998161986989			intertidal
GNM526588002920	MC157		mangrove	HKCCHK94	45.0		Lin Xingqin	45.0	98.9030941125913	3.3660427096181285			intertidal
GNM526588003376	MC157		bare flat	SZCCBHA198	53.0		Huang Yanyan	53.0	98.8875758009836	4.120232653752207			intertidal
GNM526588003405	MC157		bare flat	SZCCBHC071	66.0		Huang Yanyan	66.0	98.9030941125913	3.6486976710440393			intertidal
GNM526588001578	MC157		bare flat	SZCCDBG060	38.0		Lin Xinqing	38.0	98.9030941125913	3.812970083919805			intertidal
GNM526588001607	MC157		bare flat	HKCCSP334	54.0		Ren Minglei	54.0	98.9030941125913	3.4573620048480387			intertidal
GNM526588001551	MC157		bare flat	SZCCDBA107	27.0		Lin Xinqing	27.0	98.84323776781878	3.659338799003604			intertidal
GNM526588003426	MC157		bare flat	SZCCYKD024	86.0		Huang Yanyan	86.0	98.62376450365277	4.059932928648013			intertidal
GNM526588003423	MC157		bare flat	SZCCYKD016	84.0		Huang Yanyan	84.0	98.62376450365277	4.059932928648013			intertidal
GNM526588003253	MC157		Spartina	SATA056	90.0		Song Zenglei	90.0	98.62376450365277	4.228860835006087			intertidal
GNM526588003246	MC157		Spartina	TATB045	76.0		Song Zenglei	76.0	98.9030941125913	3.5478286455940085			intertidal
GNM526588003251	MC157		Spartina	CRZC040	89.0		Song Zenglei	89.0	98.62376450365277	4.106487863471103			intertidal
GNM526588003582	MC157		Spartina	TATA010	99.0		Song Zenglei	99.0	98.9030941125913	4.302018589728087			intertidal
GNM526588003446	MC157		bare flat	SZCCYKD185	109.0		Huang Yanyan	109.0	98.55393210141813	2.891182374422597			intertidal
GNM526588003256	MC157		Spartina	SATE040	81.0		Song Zenglei	81.0	98.62376450365277	3.585072593452481			intertidal
GNM526588003556	MC157		Spartina	SAZC044	64.0		Song Zenglei	64.0	98.83326171035668	3.3256950994381165			intertidal
GNM526588003583	MC157		Spartina	TATA042	89.0		Song Zenglei	89.0	98.62376450365277	3.589506396768966			intertidal
GNM526588003481	MC157		bare flat	SZCCYKF050	91.0		Huang Yanyan	91.0	98.62376450365277	3.4392004643401286			intertidal
GNM526588003457	MC157		bare flat	SZCCYKE107	64.0		Huang Yanyan	64.0	98.9030941125913	2.7222544680645235			intertidal
GNM526588003492	MC157		bare flat	SZCCYKF105	81.0		Huang Yanyan	81.0	98.62376450365277	3.197114803260055			intertidal
GNM526588002912	MC157		mangrove	HKCCHK321	27.0		Lin Xingqin	27.0	98.80786810954407	2.63845558538296			intertidal
GNM526588001581	MC157		bare flat	SZCCDBH083	44.0		Lin Xinqing	44.0	98.74946282767512	3.0305913825466897			intertidal
GNM526588001555	MC157		bare flat	SZCCDBE011	26.0		Lin Xinqing	26.0	98.80532874946284	2.923770828798762			intertidal
GNM526588001611	MC157		bare flat	SZCCDBH040	25.0		Lin Xinqing	25.0	98.74946282767512	2.923770828798762			intertidal
GNM526588001599	MC157		bare flat	SZCCDBF065	21.0		Lin Xinqing	21.0	98.74946282767512	3.1831483228131274			intertidal
GNM526588001512	MC157		bare flat	SZCCDBG045	22.0		Lin Xinqing	22.0	98.74946282767512	2.894507726909961			intertidal
GNM526588002908	MC157		mangrove	HKCCHK282	42.0		Lin Xingqin	42.0	98.77739578856898	2.309245689133957			intertidal
GNM526588001569	MC157		bare flat	SZCCDBE006	42.0		Lin Xinqing	42.0	99.02879243661368	3.173837335848509			intertidal
GNM526588002916	MC157		mangrove	HKCCHK461	53.0		Lin Xingqin	53.0	98.83326171035668	3.234358751118528			intertidal
GNM526588001548	MC157		bare flat	SZCCDBF019	17.0		Lin Xinqing	17.0	98.89865023244911	2.917785194321507			intertidal
GNM526588001587	MC157		bare flat	SZCCDBA157	21.0		Lin Xinqing	21.0	98.74946282767512	3.527433150338178			intertidal
GNM526588003241	MC157		Spartina	CRZC043	59.0		Song Zenglei	59.0	98.83326171035668	3.0618838021072663			intertidal
GNM526588003577	MC157		Spartina	TAZC062	44.0		Song Zenglei	44.0	98.83326171035668	3.010895063967689			intertidal
GNM526588002897	MC157		mangrove	HKCCHK118	32.0		Lin Xingqin	32.0	98.75200218775636	2.545345715736777			intertidal
GNM526588001584	MC157		bare flat	SZCCDBF025	20.0		Lin Xinqing	20.0	98.9030941125913	2.8479527920868706			intertidal
GNM526588001602	MC157		bare flat	SZCCDBH051	35.0		Lin Xinqing	35.0	98.9030941125913	3.965613839915516			intertidal
GNM526588001549	MC157		bare flat	SZCCDBD025	49.0		Lin Xinqing	49.0	98.74946282767512	4.485134666698913			intertidal
GNM526588001538	MC157		bare flat	SZCCDBD012	54.0		Lin Xinqing	54.0	98.74946282767512	4.438579731875822			intertidal
GNM526588001593	MC157		bare flat	SZCCDBD011	48.0		Lin Xinqing	48.0	98.77739578856898	4.438579731875822			intertidal
GNM526588002941	MC157		bare flat	SZCCDBAO019	50.0		Lin Xingqin	50.0	98.77739578856898	4.267878304191154			intertidal
GNM526588002906	MC157		mangrove	HKCCHK216	40.0		Lin Xingqin	40.0	98.77739578856898	3.833365579175634			intertidal
GNM526588002982	MC155		bare flat	SZCCDBTM012	78.0		Lin Xingqin	78.0	98.84722819080362	4.28650027812039			intertidal
GNM526588002964	MC155		bare flat	SZCCDBMA037	89.0		Lin Xingqin	89.0	98.84722819080362	4.017811797141406			intertidal
GNM526588001522	MC155		bare flat	SZCCDBG020	66.0		Lin Xinqing	66.0	98.84722819080362	3.215736777189291			intertidal
GNM526588001595	MC155		bare flat	SZCCDBC099	59.0		Lin Xinqing	59.0	98.84722819080362	3.319487774795037			intertidal
GNM526588001566	MC155		bare flat	SZCCDBA132	54.0		Lin Xinqing	54.0	98.84722819080362	3.076071972720017			intertidal
GNM526588001553	MC155		bare flat	SZCCDBF064	63.0		Lin Xinqing	63.0	98.78737184603106	2.8938426564124886			intertidal
GNM526588002985	MC155		bare flat	SZCCDBTM024	68.0		Lin Xingqin	68.0	98.84722819080362	2.9204454763113983			intertidal
GNM526588002914	MC155		mangrove	HKCCHK392	85.0		Lin Xingqin	85.0	98.78737184603106	3.5801954098043485			intertidal
GNM526588002898	MC155		mangrove	HKCCHK129	63.0		Lin Xingqin	63.0	98.76342930812204	3.197114803260055			intertidal
GNM526588001531	MC155		bare flat	SZCCDBF030	64.0		Lin Xinqing	64.0	98.77739578856898	3.469793707223875			intertidal
GNM526588003553	MC155		Spartina	SAZC022	53.0		Song Zenglei	53.0	98.70756338633434	3.265156631078419			intertidal
GNM526588003573	MC155		Spartina	TAZA027	53.0		Song Zenglei	53.0	98.70756338633434	2.985827022139872			intertidal
GNM526588003186	MC155		Spartina	SATA066	63.0		Song Zenglei	63.0	98.70756338633434	2.985827022139872			intertidal
GNM526588003296	MC155		Spartina	SATB030	72.0		Song Zenglei	72.0	98.77739578856898	3.143909163462236			intertidal
GNM526588002896	MC155		mangrove	HKCCHK109	73.0		Lin Xingqin	73.0	98.77739578856898	2.7476480688771194			intertidal
GNM526588002915	MC155		mangrove	HKCCHK440	87.0		Lin Xingqin	87.0	98.6842859189228	2.947048296210307			intertidal
GNM526588002918	MC155		mangrove	HKCCHK83	71.0		Lin Xingqin	71.0	98.6842859189228	2.8366465936298337			intertidal
GNM526588003494	MC155		bare flat	SZCCYKF118	99.0		Huang Yanyan	99.0	98.61445351668816	3.652688094028876			intertidal
GNM526588001528	MC159		bare flat	SZCCDBC123	67.0		Lin Xinqing	67.0	99.12655779974216	2.7512617736081424			intertidal
GNM526588001537	MC159		bare flat	SZCCDBA153	77.0		Lin Xinqing	77.0	99.12655779974216	2.7512617736081424			intertidal
GNM526588001544	MC159		bare flat	SZCCDBD023	75.0		Lin Xinqing	75.0	98.84722819080362	2.8257496693250888			intertidal
GNM526588002905	MC159		mangrove	HKCCHK210	92.0		Lin Xingqin	92.0	99.12655779974216	3.384408887202184			intertidal
GNM526588001583	MC159		bare flat	SZCCDBE003	45.0		Lin Xinqing	45.0	99.12655779974216	2.47551331350214			intertidal
GNM526588002900	MC159		mangrove	HKCCHK136	58.0		Lin Xingqin	58.0	99.12655779974216	2.47551331350214			intertidal
GNM526588002895	MC159		mangrove	HKCCHK106	45.0		Lin Xingqin	45.0	99.12655779974216	3.020206050932308			intertidal
GNM526588001560	MC159		bare flat	SZCCDBH084	64.0		Lin Xinqing	64.0	98.77739578856898	4.011826162664152			intertidal
GNM526588001622	MC159		bare flat	SZCCDBC112	64.0		Lin Xinqing	64.0	98.84722819080362	3.522999347021693			intertidal
GNM526588001557	MC159		bare flat	SZCCDBE002	70.0		Lin Xinqing	70.0	98.84722819080362	3.150559868436964			intertidal
GNM526588001518	MC159		bare flat	SZCCDBD032	42.0		Lin Xinqing	42.0	99.12655779974216	3.406612009963965			intertidal
GNM526588001524	MC159		bare flat	SZCCDBG054	72.0		Lin Xinqing	72.0	98.84722819080362	3.2046352158084006			intertidal
GNM526588000946	MC159		mangrove	HKCCE4575	95.0		Zhou Zhichao	95.0	98.84722819080362	3.064970411339127			intertidal
GNM526588002904	MC159		mangrove	HKCCHK194	47.0		Lin Xingqin	47.0	98.84722819080362	3.718530073278677			intertidal
GNM526588001540	MC159		bare flat	SZCCDBB068	39.0		Lin Xinqing	39.0	98.84722819080362	3.2064257902246727			intertidal
GNM526588001575	MC159		bare flat	SZCCDBB085	37.0		Lin Xinqing	37.0	99.12655779974216	3.602142736220949			intertidal
GNM526588002980	MC159		bare flat	SZCCDBTA005	61.0		Lin Xingqin	61.0	99.12655779974216	3.4606873573354022			intertidal
GNM526588001570	MC159		bare flat	SZCCDBC124	49.0		Lin Xinqing	49.0	99.12655779974216	3.454718775947826			intertidal
GNM526588001535	MC159		bare flat	SZCCDBG057	56.0		Lin Xinqing	56.0	99.12655779974216	3.2297032576362183			intertidal
GNM526588002967	MC155		bare flat	SZCCDBSA017	106.0		Lin Xingqin	106.0	98.80575197614304	5.53538485102731			intertidal
GNM526588001590	MC155		bare flat	SZCCDBG009	107.0		Lin Xinqing	107.0	98.52642236720447	4.664464957761047			intertidal
GNM526588002986	MC155		bare flat	SZCCDBTM025	126.0		Lin Xingqin	126.0	98.80575197614304	4.515489166327154			intertidal
GNM526588002983	MC155		bare flat	SZCCDBTM015	118.0		Lin Xingqin	118.0	98.80575197614304	4.059250805060861			intertidal
GNM526588001601	MC155		bare flat	SZCCDBH053	118.0		Lin Xinqing	118.0	98.52642236720447	5.200189320301052			intertidal
GNM526588001571	MC155		bare flat	SZCCDBE010	108.0		Lin Xinqing	108.0	98.24709275826594	5.591250772815019			intertidal
GNM526588001561	MC155		bare flat	SZCCDBH071	112.0		Lin Xinqing	112.0	98.52642236720447	4.524800153291774			intertidal
GNM526588001608	MC155		bare flat	SZCCDBF091	107.0		Lin Xinqing	107.0	98.52642236720447	4.524800153291774			intertidal
GNM526588001532	MC155		bare flat	SZCCDBA161	126.0		Lin Xinqing	126.0	98.43331249755832	4.608599035973338			intertidal
GNM526588001515	MC155		bare flat	SZCCDBC043	120.0		Lin Xinqing	120.0	98.52642236720447	4.468934231504064			intertidal
GNM526588001612	MC155		bare flat	SZCCDBC142	113.0		Lin Xinqing	113.0	98.43331249755832	3.58439046986533			intertidal
GNM526588001542	MC155		bare flat	SZCCDBH052	107.0		Lin Xinqing	107.0	98.52642236720447	4.617910022937955			intertidal
GNM526588001564	MC155		bare flat	SZCCDBC065	117.0		Lin Xinqing	117.0	98.43331249755832	3.4447256653960565			intertidal
GNM526588001511	MC155		bare flat	SZCCDBF072	124.0		Lin Xinqing	124.0	98.43331249755832	4.329269427034791			intertidal
GNM526588001517	MC155		bare flat	SZCCDBD026	113.0		Lin Xinqing	113.0	98.43331249755832	3.491280600219148			intertidal
GNM526588001527	MC155		bare flat	SZCCDBH050	102.0		Lin Xinqing	102.0	98.43331249755832	4.578005793089591			intertidal
GNM526588001533	MC155		bare flat	SZCCDBD015	112.0		Lin Xinqing	112.0	98.52642236720447	4.562044101150247			intertidal
GNM526588001539	MC155		bare flat	SZCCDBG027	115.0		Lin Xinqing	115.0	98.52642236720447	4.655153970796429			intertidal
GNM526588001514	MC155		bare flat	SZCCDBB082	126.0		Lin Xinqing	126.0	98.52642236720447	4.003384883273151			intertidal
GNM526588001545	MC155		bare flat	SZCCDBC102	132.0		Lin Xinqing	132.0	98.24709275826594	5.061733734918092			intertidal
GNM526588001550	MC155		bare flat	SZCCDBB074	112.0		Lin Xinqing	112.0	98.43331249755832	3.677500339511513			intertidal
GNM526588001567	MC155		bare flat	SZCCDBA123	118.0		Lin Xinqing	118.0	98.24709275826594	5.543144006831158			intertidal
GNM526588002940	MC155		bare flat	SZCCDBAO004	132.0		Lin Xingqin	132.0	98.80575197614304	3.761299222193077			intertidal
GNM526588002965	MC155		bare flat	SZCCDBMA053	147.0		Lin Xingqin	147.0	98.80575197614304	3.714744287369985			intertidal
GNM526588001577	MC155		bare flat	SZCCDBH010	146.0		Lin Xinqing	146.0	98.43331249755832	3.7302625989776814			intertidal
GNM526588001588	MC155		bare flat	SZCCDBB087	140.0		Lin Xinqing	140.0	98.43331249755832	3.342304808785256			intertidal
GNM526588001521	MC155		bare flat	SZCCDBC100	126.0		Lin Xinqing	126.0	98.43331249755832	5.103411486093051			intertidal
GNM526588001510	MC155		bare flat	SZCCDBE007	131.0		Lin Xinqing	131.0	98.43331249755832	4.040628831131625			intertidal
GNM526588001554	MC155		bare flat	SZCCDBC097	172.0		Lin Xinqing	172.0	98.9868929952729	5.225784457628033			intertidal
GNM526588001513	MC155		bare flat	SZCCDBA140	111.0		Lin Xinqing	111.0	99.30812204555222	2.971860541692944			intertidal
GNM526588001597	MC155		bare flat	SZCCDBG015	117.0		Lin Xinqing	117.0	99.30812204555222	2.971860541692944			intertidal
GNM526588002909	MC155		mangrove	HKCCHK287	127.0		Lin Xingqin	127.0	99.30812204555222	3.4839648247469484			intertidal
GNM526588003551	MC155		Spartina	SAZB035	119.0		Song Zenglei	119.0	99.30812204555222	3.8107190760822047			intertidal
GNM526588003584	MC155		Spartina	TAZB040	134.0		Song Zenglei	134.0	99.30812204555222	3.8107190760822047			intertidal
GNM526588003585	MC155		Spartina	TAZC066	129.0		Song Zenglei	129.0	99.30812204555222	3.593701456829949			intertidal
GNM526588003578	MC155		Spartina	TAZD020	123.0		Song Zenglei	123.0	99.30812204555222	3.7056379374815127			intertidal
GNM526588001603	MC155		bare flat	SZCCDBH089	107.0		Lin Xinqing	107.0	99.30812204555222	3.1263615341827635			intertidal
GNM526588001558	MC155		bare flat	SZCCDBH056	102.0		Lin Xinqing	102.0	99.30812204555222	3.1263615341827635			intertidal
GNM526588002913	MC155		mangrove	HKCCHK386	122.0		Lin Xingqin	122.0	99.30812204555222	3.1263615341827635			intertidal
GNM526588002910	MC155		mangrove	HKCCHK306	112.0		Lin Xingqin	112.0	99.30812204555222	3.1263615341827635			intertidal
GNM526588002903	MC155		mangrove	HKCCHK170	119.0		Lin Xingqin	119.0	99.30812204555222	3.1263615341827635			intertidal
GNM526588001604	MC155		bare flat	SZCCDBE075	101.0		Lin Xinqing	101.0	99.30812204555222	3.1263615341827635			intertidal
GNM526588002902	MC155		mangrove	HKCCHK141	121.0		Lin Xingqin	121.0	99.30812204555222	3.1263615341827635			intertidal
GNM526588002911	MC155		mangrove	HKCCHK310	110.0		Lin Xingqin	110.0	99.30812204555222	3.070495612395054			intertidal
GNM526588001579	MC155		bare flat	SZCCDBG042	90.0		Lin Xinqing	90.0	99.30812204555222	4.647599452068726			intertidal
GNM526588001572	MC155		bare flat	SZCCDBC095	102.0		Lin Xinqing	102.0	99.30812204555222	4.675532412962581			intertidal
GNM526588002901	MC155		mangrove	HKCCHK138	116.0		Lin Xingqin	116.0	99.30812204555222	5.066593865476547			intertidal
GNM526588003250	MC155		Spartina	SATC015	136.0		Song Zenglei	136.0	99.30812204555222	3.026738934560164			intertidal
GNM526588003229	MC155		Spartina	SAZB003	123.0		Song Zenglei	123.0	99.30812204555222	2.875425319559397			intertidal
GNM526588003259	MC155		Spartina	CRZE015	122.0		Song Zenglei	122.0	99.32208852599912	3.1813577483968545			intertidal
GNM526588001568	MC155		bare flat	SZCCDBC027	34.0		Lin Xinqing	34.0	99.39192092823376	3.586385681357748			intertidal
GNM526588002899	MC155		mangrove	HKCCHK133	45.0		Lin Xingqin	45.0	99.39192092823376	4.218219707046522			intertidal
GNM526588001591	MC155		bare flat	SZCCDBA104	50.0		Lin Xinqing	50.0	99.39192092823376	3.569315538589281			intertidal
GNM526588003248	MC155		Spartina	TAZD014	70.0		Song Zenglei	70.0	99.05672539750752	3.0789368917860536			intertidal
GNM526588003240	MC155		Spartina	CRTC031	72.0		Song Zenglei	72.0	99.05672539750752	2.7996072828475063			intertidal
GNM526588003258	MC155		Spartina	SAZC040	73.0		Song Zenglei	73.0	99.05672539750752	3.1813577483968545			intertidal
GNM526588003242	MC155		Spartina	SATB038	67.0		Song Zenglei	67.0	99.05672539750752	2.7996072828475063			intertidal
GNM526588003252	MC155		Spartina	SATA054	66.0		Song Zenglei	66.0	99.05672539750752	3.1254918266091454			intertidal
GNM526588003254	MC155		Spartina	SATB023	84.0		Song Zenglei	84.0	99.05672539750752	3.1254918266091454			intertidal
GNM526588003498	MC155		bare flat	SZCCYKF132	72.0		Huang Yanyan	72.0	99.05672539750752	2.883406165529072			intertidal
GNM526588003244	MC155		Spartina	TASD019	63.0		Song Zenglei	63.0	99.05672539750752	3.1004237847813263			intertidal
GNM526588001605	MC155		bare flat	SZCCDBH060	41.0		Lin Xinqing	41.0	99.26622260421144	3.666859211551949			intertidal
GNM526588001614	MC155		bare flat	SZCCDBC129	40.0		Lin Xinqing	40.0	99.26622260421144	3.778591055127368			intertidal
GNM526588001582	MC155		bare flat	SZCCDBH055	67.0		Lin Xinqing	67.0	99.26622260421144	3.9727916403894064			intertidal
GNM526588001580	MC155		bare flat	SZCCDBG044	33.0		Lin Xinqing	33.0	99.33605500644607	3.4467208768884747			intertidal
GNM526588003245	MC155		Spartina	TATA057	79.0		Song Zenglei	79.0	99.26622260421144	2.8399548930275187			intertidal
GNM526588003247	MC155		Spartina	TATD031	87.0		Song Zenglei	87.0	99.26622260421144	3.088247878750672			intertidal
GNM526588003273	MC155		Spartina	SATA053	81.0		Song Zenglei	81.0	99.26622260421144	2.964101385889095			intertidal
GNM526588003424	MC155		bare flat	SZCCYKD017	154.0		Huang Yanyan	154.0	99.26622260421144	3.982102627354024			intertidal
GNM526588003243	MC155		Spartina	SATE060	126.0		Song Zenglei	126.0	99.2232488182209	3.1441138005383813			intertidal
GNM526588003255	MC155		Spartina	SATC021	152.0		Song Zenglei	152.0	99.26622260421144	3.605007655286985			intertidal
GNM010500245	MC155		river sediment	Ruegeria sp. PrR005	57.0	Others	-	57.0	99.39192092823376	3.303474923586656			submerged
GNM526588001546	MC155		bare flat	SZCCDBA081	53.0		Lin Xinqing	53.0	99.33605500644607	3.5427127186903724			intertidal
GNM526588001609	MC155		bare flat	SZCCDBA136	34.0		Lin Xinqing	34.0	99.33605500644607	3.019728564421301			intertidal
GNM526588001592	MC205		bare flat	SZCCDBC076	85.0		Lin Xinqing	85.0	98.32348517404384	3.8336981144243714			intertidal
GNM526588002977	MC173		bare flat	SZCCDBTA003-1	87.0		Lin Xingqin	87.0	98.17439853752704	5.224914750054416			intertidal
GNM526588002978	MC173		bare flat	SZCCDBTA003-2	85.0		Lin Xingqin	85.0	98.17439853752704	5.224914750054416			intertidal
GNM526588002979	MC173		bare flat	SZCCDBTA004	92.0		Lin Xingqin	92.0	98.23425488229958	5.224914750054416			intertidal
GNM900101475	MC164		others	Ruegeria marina CGMCC 1.9108	51.0	Others	-	51.0	96.50551496920212	5.998554746090074			Unknown
GNM526588003351	MC164		Spartina	TASC037	74.0		Song Zenglei	74.0	97.5669674831686	5.517487086251464			intertidal
GNM526588003504	MC164		Spartina	CRSB015	59.0		Song Zenglei	59.0	96.36288757797138	5.992347421446994			intertidal
GNM526588003501	MC164		bare flat	SZCCYKF146	69.0		Huang Yanyan	69.0	97.40402521128776	5.275401425171389			intertidal
GNM021405485	MC161		bare flat	SZCCDBG002  	29.0	LuoLab	Lin Xingqin	29.0	99.39192092823376	3.3000798084596963			intertidal
GNM526588000186	MC161		bare flat	SP008	30.0		Jesse McNichol	30.0	99.29881105858756	13.423117850492153			intertidal
GNM021405465	MC161		bare flat	SZCCDBAO042  	39.0	LuoLab	Lin Xingqin	39.0	99.3704340352385	1.4957435488161746			intertidal
GNM021405365	MC161		bare flat	HKCCSP326  	42.0	LuoLab	-	42.0	99.39192092823376	2.5879939427425462			intertidal
GNM022321465	MC161		bare flat	1NDH52C  	73.0	Others	-	73.0	99.35700472711645	2.078788684933936			intertidal
GNM021405405	MC161		bare flat	HKCCSP003  	32.0	LuoLab	-	32.0	99.39192092823376	2.883080606544293			intertidal
GNM021405385	MC161		bare flat	HKCCSA032  	30.0	LuoLab	-	30.0	99.39192092823376	1.99853684490556			intertidal
GNM021405505	MC161		bare flat	SZCCDBD003  	22.0	LuoLab	Lin Xingqin	22.0	99.39192092823376	1.5329874966746475			intertidal
GNM526588003417	MC161		bare flat	SZCCBHC223	45.0		Huang Yanyan	45.0	99.39192092823376	1.424120572165265			intertidal
GNM021405525	MC161		bare flat	SZCCDBG043  	4.0	LuoLab	Lin Xingqin	4.0	99.32208852599912	2.90635807395584			intertidal
GNM021405425	MC218		intertidal sediments	HKCCM208  	69.0	LuoLab	-	69.0	99.32208852599912	2.569167331737164			intertidal
GNM526588002917	MC218		mangrove	HKCCHK472	69.0		Lin Xingqin	69.0	99.32208852599912	2.569167331737164			intertidal
GNM021405545	MC161		bare flat	SZCCDBF007  	4.0	LuoLab	Lin Xingqin	4.0	99.39192092823376	3.104549082202713			intertidal
GNM526588003557	MC171		Spartina	SAZD011	45.0		Song Zenglei	45.0	99.48503079787996	3.765629156690609			intertidal
GNM021405555	MC171		bare flat	SZCCDBB064  	40.0	LuoLab	Lin Xingqin	40.0	99.48503079787996	3.12317105613195			intertidal
GNM526588003484	MC169		bare flat	SZCCYKF070	49.0		Huang Yanyan	49.0	99.34536599341068	4.238494280393722			intertidal
GNM526588003441	MC169		bare flat	SZCCYKD163	51.0		Huang Yanyan	51.0	99.49833220782942	4.573689811119978			intertidal
GNM018972145	MC176		natural sea area	Ruegeria pomeroyi DSS-3-B	1.0	Others	-	1.0	96.12376450365278	1.3002128225591914			submerged
GNM000011965	MC176		bare flat	Ruegeria pomeroyi DSS-3	2.0	Others	-	2.0	99.1963902019768	1.3002128225591914			intertidal
GNM013373735	MC176		natural sea area	Ruegeria pomeroyi HF-Dia28	200.0	Others	-	200.0	92.8595985020566	1.7192072359670123			submerged
GNM013373705	MC176		natural sea area	Ruegeria pomeroyi HF-Din03	78.0	Others	-	78.0	96.7082079931242	1.3002128225591914			submerged
GNM003516265	MC176		others	Ruegeria sp. UBA8874	428.0	Others	 	428.0	64.03017898047474	1.8256185155626496			Unknown
GNM526588002919	MC193		mangrove	HKCCHK93	74.0		Lin Xingqin	74.0	99.43382036957456	1.7591114658153764			intertidal
GNM526588001418	MC38		brown algae	HKCCA5538	51.0		Chu Xiao	51.0	96.83626661978616	2.718143123171056			submerged
GNM526588001419	MC38		brown algae	HKCCA5594	58.0		Chu Xiao	58.0	96.83626661978616	4.720005320563979			submerged
GNM526588002515	MC38		brown algae	HKCCA4881	45.0		Chu Xiao	45.0	96.83626661978616	2.6250332535248733			submerged
GNM526588001449	MC182		brown algae	HKCCC1203	17.0		Chu Xiao	17.0	96.1847192224287	1.2702846501729184			submerged
GNM023502395	MC195		Sponge	2012CJ41-6  	119.0	Others	-	119.0	98.28890150817526	3.33140788448051		sponge(Callyspongia)	submerged
GNM526588002496	MC194		brown algae	HKCCC1134	120.0		Chu Xiao	120.0	98.19468318769997	5.94186384689178			submerged
GNM526588002502	MC181		brown algae	HKCCC1519	161.0		Chu Xiao	161.0	98.78437902879244	5.584375277112707			submerged
GNM526588000072	MC206		brown algae	HKCCA0299	76.0		Chu Xiao	76.0	98.37469560234923	5.958366586858207			submerged
GNM526588001406	MC191		brown algae	HKCCA5034	56.0		Chu Xiao	56.0	98.4886342707572	2.892391593508912			submerged
GNM526588002472	MC200		brown algae	HKCCA5748	50.0		Chu Xiao	50.0	96.29662164249744	2.7649026950702926			submerged
GNM526588002530	MC183		brown algae	HKCCA5730	115.0		Chu Xiao	115.0	97.41047127918634	6.349871419703822			submerged
GNM526588002518	MC190		brown algae	HKCCA5291	66.0		Chu Xiao	66.0	98.50683999427017	6.41504832845615			submerged
GNM900537075	MC196		Sponge	Tropicibacter sp. Alg240-R139	14.0	Others	-	14.0	98.807656496204	4.00791945484683		Marine Sponge	submerged
GNM6393	MC207		coral	HKCCD9129	16.0		Luo Danli	16.0	98.69771522704482	3.4585712239343525			
GNM900302455	MC166		bare flat	Ruegeria mediterranea CECT 7615	49.0	Others	-	49.0	98.15588740868073	4.743487425051671			intertidal
GNM900537105	MC166		Sponge	Tropicibacter sp. Alg239-R130	21.0	Others	-	21.0	98.1304938078681	4.510712750936215		Marine Sponge	submerged
GNM017743935	MC204		coral	Tropicibacter sp. R16_0	37.0	Others	-	37.0	98.74755830761418	5.371979045163402			
GNM900172225	MC186		bare flat	Ruegeria litorea CECT 7639	18.0	Others	-	18.0	97.7154061022776	3.784455767695991			intertidal
GNM018619345	MC163		bare flat	Ruegeria litorea 4E07	31.0	Others	-	31.0	96.75213520185586	4.912210694333599			intertidal
GNM018678055	MC163		bare flat	Ruegeria litorea 5C01	48.0	Others	-	48.0	97.03146481079442	5.19952114924182			intertidal
GNM003318155	MC163		bare flat	Phaeobacter gallaeciensis C3M10	54.0	Others	-	54.0	96.7376245728201	4.181042421265884			intertidal
GNM900537095	MC162		Sponge	Rhodobacteraceae bacterium Alg241-R94	27.0	Others	-	27.0	96.50772179403464	4.333599361532322		Marine Sponge	submerged
GNM900313015	MC162		coral	Rhodobacteraceae bacterium EL53	19.0	Others	-	19.0	96.649502731905	3.8587390263367913			
FF1	MC289		Trench	ET80-1B-2	132.0			132.0	91.60395237909204	3.2044236024682955			intertidal
GNM526588002532	MC178		brown algae	HKCCA5812	62.0		Chu Xiao	62.0	97.8816737266458	4.58985614013547			submerged
GNM4656	MC178		coral	HKCCD7006	64.0		Luo Danli	64.0	97.92311273456524	4.869185749074017			
GNM526588002524	MC174		brown algae	HKCCA5539	46.0		Chu Xiao	46.0	97.13679476947634	4.799353346839379			submerged
GNM526588002475	MC174		brown algae	HKCCA5769	39.0		Chu Xiao	39.0	97.13679476947634	4.799353346839379			submerged
GNM526588002474	MC174		brown algae	HKCCA5768	40.0		Chu Xiao	40.0	97.41612437841488	4.799353346839379			submerged
GNM4729	MC174		coral	HKCCD7633	49.0		Luo Danli	49.0	97.45756338633434	4.799353346839379			
GNM526588002499	MC203		brown algae	HKCCC1187	63.0		Chu Xiao	63.0	97.18334970429942	4.436224855219268			submerged
M4	MC8_52	MC8_52	coral	Y94	35.0		Xie Mei	35.0	98.58419280905314	3.570081377343948			
L4	MC8_52	MC8_52	coral	Y46	36.0		Xie Mei	36.0	98.58419280905314	3.570081377343948			
AE8	MC8_52	MC8_52	coral	Y397	56.0		Xie Mei	56.0	98.58419280905314	3.613310959679674			
N6	MC8_52	MC8_52	coral	Y702	41.0		Xie Mei	41.0	98.58419280905314	3.570081377343948			
AK12	MC8_52	MC8_52	coral	Y91	4.0		Xie Mei	110.0	98.58419280905314	4.004493334102272			
AD8	MC70	MC70	coral	Y270	260.0		Xie Mei	260.0	98.58419280905314	5.618336505208014			
L7	MC8_52	MC8_52	coral	Y53	5.0		Xie Mei	122.0	98.58419280905314	3.692437295789252			
L1	MC8_52	MC8_52	coral	Y23	4.0		Xie Mei	120.0	98.58419280905314	3.692437295789252			
AK9	MC8_52	MC8_52	coral	Y61	146.0		Xie Mei	146.0	98.58419280905314	3.999699865621653			
AD7	MC8_52	MC8_52	coral	Y251	180.0		Xie Mei	180.0	98.4230411115886	4.041599306962436			
BF1	MC8_52	MC8_52	coral	Y82	135.0		Xie Mei	135.0	98.5143604068185	3.692437295789252			
CI4	MC8_52	MC8_52	coral	A49	4.0		Xie Mei	120.0	98.58419280905314	3.692437295789252			
L5	MC8_52	MC8_52	coral	Y49	7.0		Xie Mei	116.0	98.58419280905314	3.6691598283777056			
M5	MC94	MC94	coral	Y95	7.0		Xie Mei	64.0	98.28337630711933	3.7312330748084936			
M7	MC8_52	MC8_52	coral	Y101	7.0		Xie Mei	267.0	98.0288589436634	4.520876392384773			
L2	MC8_52	MC8_52	coral	Y42	7.0		Xie Mei	212.0	98.58419280905314	4.241546783446225			
BJ9	MC8_52	MC8_52	coral	Y535	3.0		Xie Mei	56.0	98.56270591605788	3.5450133355161286			
AG8	MC8_52	MC8_52	coral	Y93	9.0		Xie Mei	4304.0	66.82681524120892	8.697280373258026			
AE2	MC65	MC65	coral	Y351	44.0		Xie Mei	44.0	98.58419280905314	3.358793596223764			
BJ8	MC65	MC65	coral	Y410	4.0		Xie Mei	45.0	98.53763787423006	3.3122386614006727			
AM3	MC115	MC115	coral	A2S-13	22.0		Xie Mei	172.0	98.95663228763787	5.494352016698386			
AL9	MC147	MC147	coral	A2S-5	6.0		Xie Mei	166.0	99.04974215728406	6.368408128184664			
AC12	MC59	MC59	coral	M11-51	4.0		Xie Mei	187.0	99.02825526428876	7.750714524457541			
AC2	MC59	MC59	coral	M10-26	5.0		Xie Mei	251.0	99.04974215728406	8.585122202440639			
AJ7	MC59	MC59	coral	M10-22	5.0		Xie Mei	401.0	99.04974215728406	9.105200355200354			
AD3	MC59	MC59	coral	M11-56	4.0		Xie Mei	249.0	99.04974215728406	8.30579259350209			
AC5	MC59	MC59	coral	M10-42	4.0		Xie Mei	291.0	99.04974215728406	8.445457397971364			
GNM3532	MC59	MC59	coral	HKCCD6337	4.0		Luo Danli	77.0	99.04974215728406	7.502182795478885			
BA3	MC59	MC59	coral	M4-33	5.0		Xie Mei	82.0	99.04974215728406	7.502182795478885			
AJ10	MC66	MC66	coral	M11-22	147.0		Xie Mei	147.0	99.08465835840138	8.340171622294527			
AJ4	MC66	MC66	coral	M8-107	5.0		Xie Mei	114.0	99.08465835840138	8.200506817825254			
AJ8	MC66	MC66	coral	M11-20	71.0		Xie Mei	219.0	99.08465835840138	9.024068730772642			
GNM6454	MC134	MC134	coral	HKCCD8929	146.0	LuoLab	Luo Danli	146.0	98.95663228763787	6.7676891699238055			
GNM4293	MC53	MC53	coral	HKCCD6435	67.0		Luo Danli	67.0	98.77041254834552	6.90651837299882			
AD4	MC53	MC53	coral	M11-63	5.0		Xie Mei	80.0	98.74892565535023	6.978141349649729			
AL10	MC85	MC85	coral	A2S-7	5.0		Xie Mei	156.0	98.45616673828964	5.643327808132278			
AJ11	MC97	MC97	coral	B138	5.0		Xie Mei	233.0	99.01482595616676	9.067231651030534			
GNM526588003404	MC156		bare flat	SZCCBHC068	32.0		Huang Yanyan	32.0	95.83745165449076	3.4224458037307204			intertidal
GNM526588003407	MC156		bare flat	SZCCBHC127	30.0		Huang Yanyan	30.0	95.83745165449076	3.4224458037307204			intertidal
GNM526588003390	MC156		bare flat	SZCCBHB168	40.0		Huang Yanyan	40.0	95.6977868500215	3.4224458037307204			intertidal
GNM526588003403	MC156		bare flat	SZCCBHC067	41.0		Huang Yanyan	41.0	95.83745165449076	3.4457232711422656			intertidal
GNM526588003397	MC156		bare flat	SZCCBHC011	41.0		Huang Yanyan	41.0	95.83745165449076	3.352613401496084			intertidal
GNM526588003414	MC156		bare flat	SZCCBHC220	37.0		Huang Yanyan	37.0	95.83745165449076	3.4457232711422656			intertidal
GNM526588003374	MC156		bare flat	SZCCBHA179	31.0		Huang Yanyan	31.0	95.97711645896004	2.846162217670597			intertidal
GNM526588003387	MC156		bare flat	SZCCBHB066	33.0		Huang Yanyan	33.0	95.92125053717233	2.846162217670597			intertidal
GNM526588003413	MC156		bare flat	SZCCBHC219	29.0		Huang Yanyan	29.0	95.97711645896004	3.02074322325719			intertidal
GNM526588003415	MC156		bare flat	SZCCBHC221	43.0		Huang Yanyan	43.0	95.83745165449076	3.1314774610864			intertidal
GNM526588003416	MC156		bare flat	SZCCBHC222	33.0		Huang Yanyan	33.0	95.83745165449076	3.247864798144128			intertidal
GNM526588003406	MC156		bare flat	SZCCBHC108	23.0		Huang Yanyan	23.0	95.88400658931386	2.753052348024416			intertidal
GNM526588003408	MC156		bare flat	SZCCBHC141	27.0		Huang Yanyan	27.0	95.88400658931386	2.753052348024416			intertidal
GNM526588003412	MC156		bare flat	SZCCBHC216	24.0		Huang Yanyan	24.0	95.88400658931386	2.753052348024416			intertidal
GNM526588001496	MC156		bare flat	HKCCSP291	36.0		Ren Minglei	36.0	95.55812204555222	3.967914456741272			intertidal
GNM526588003420	MC156		bare flat	SZCCBHC275	50.0		Huang Yanyan	50.0	95.25339883580106	3.1254918266091454			intertidal
GNM526588003380	MC156		bare flat	SZCCBHB049	35.0		Huang Yanyan	35.0	95.6258383143858	3.1254918266091454			intertidal
GNM526588003396	MC156		bare flat	SZCCBHC009	51.0		Huang Yanyan	51.0	94.99946282767512	4.48334409228264			intertidal
GNM526588001483	MC168		bare flat	HKCCSP252	19.0		Ren Minglei	19.0	96.05858759490044	1.9561769701434504			intertidal
GNM526588001585	MC168		bare flat	HKCCSP327	22.0		Ren Minglei	22.0	95.61631571408108	2.0055968240325783			intertidal
GNM001507595	MC79	MC79	coral	Ruegeria marisrubri ZGT118	39.0	Others	-	39.0	95.806116602206	4.259437024800153			
GNM526588003443	MC160		bare flat	SZCCYKD178	88.0		Huang Yanyan	88.0	96.3509767699712	3.582028616944818			intertidal
GNM526588003475	MC160		bare flat	SZCCYKF033	74.0		Huang Yanyan	74.0	96.07164716103264	3.737211733021789			intertidal
GNM526588003452	MC160		bare flat	SZCCYKE075	72.0		Huang Yanyan	72.0	96.37092888489538	3.1630342035369976			intertidal
GNM526588001291	MC160		mangrove	HKCCE4477	85.0		Zhou Zhichao	85.0	96.08207667565208	4.5224383003712605			intertidal
GNM526588001295	MC160		mangrove	HKCCE4539	87.0		Zhou Zhichao	87.0	95.9424118711828	3.405119864617072			intertidal
GNM526588002953	MC160		bare flat	SZCCDBCR014	68.0		Lin Xingqin	68.0	95.9424118711828	4.780281016314536			intertidal
GNM526588002968	MC160		bare flat	SZCCDBSA072	62.0		Lin Xingqin	62.0	96.08207667565208	3.770038930653456			intertidal
GNM005938215	MC175		bare flat	Ruegeria sediminis CAU 1488	18.0	Others	-	18.0	97.26901590030084	3.290257228804715			intertidal
GNM526588001627	MC175		bare flat	HKCCSP355	67.0		Ren Minglei	67.0	96.4888882067653	3.886160394540283			intertidal
GNM526588001563	MC175		bare flat	HKCCSP324	37.0		Ren Minglei	37.0	97.15175885566948	2.3697996603024536			intertidal
GNM526588000922	MC175		mangrove	HKCCE3233	29.0		Zhou Zhichao	29.0	97.47099269445636	4.400924959584177			intertidal
GNM526588000933	MC175		mangrove	HKCCE3628	24.0		Zhou Zhichao	24.0	97.63214439192092	4.236192113287085			intertidal
GNM526588001455	MC198		brown algae	HKCCC1322	42.0		Chu Xiao	42.0	97.26973213006733	3.259459348844824			submerged
GNM526588002943	MC167		bare flat	SZCCDBB009	15.0	LuoLab	Lin Xingqin	15.0	94.88486606503363	4.998756674734328			intertidal
GNM526588002949	MC167		bare flat	SZCCDBB020	21.0	LuoLab	Lin Xingqin	21.0	95.30386047844148	4.658905650525763			intertidal
GNM526588002934	MC199		bare flat	SZCCDBA067	28.0	LuoLab	Lin Xingqin	28.0	95.3736928806761	4.461285920783128			intertidal
GNM526588003392	MC185		bare flat	SZCCBHB196	19.0		Huang Yanyan	19.0	97.99861528911808	2.833986311639942			intertidal
GNM526588003503	MC87		bare flat	SZCCYKF57	46.0		Huang Yanyan	46.0	96.44732130067324	2.5512871672089545			intertidal
GNM526588003483	MC87		bare flat	SZCCYKF057	122.0		Huang Yanyan	122.0	95.3441910355318	2.6537080238197555			intertidal
GNM526588002951	MC87		bare flat	SZCCDBB026	38.0		Lin Xingqin	38.0	96.85079740247338	2.157360795628952			intertidal
GNM526588000947	MC87		mangrove	HKCCE4576	39.0		Zhou Zhichao	39.0	96.85079740247338	2.7611099328976425			intertidal
GNM526588000949	MC87		mangrove	HKCCE4600	41.0		Zhou Zhichao	41.0	96.85079740247338	2.7611099328976425			intertidal
GNM526588000944	MC87		mangrove	HKCCE4474	46.0		Zhou Zhichao	46.0	96.85079740247338	2.1928141690711525			intertidal
GNM526588000954	MC87		mangrove	HKCCE4807	40.0		Zhou Zhichao	40.0	96.2328864493669	2.534358100000558			intertidal
GNM526588003453	MC87		bare flat	SZCCYKE079	48.0		Huang Yanyan	48.0	96.88691274585128	3.526401438412612			intertidal
GNM526588003382	MC87		bare flat	SZCCBHB058	45.0		Huang Yanyan	45.0	96.83104682406358	2.676985491231301			intertidal
CI1	MC87	MC87	coral	Y4	39.0		Xie Mei	39.0	97.27120257148192	2.3406179481598475			
AF8	MC88	MC88	coral	Y480	96.0		Xie Mei	96.0	97.34660745833928	7.325623631489552			
GNM4297	MC68	MC68	coral	HKCCD7021	68.0	LuoLab	Luo Danli	68.0	95.753874461975	2.79462623038042			
GNM4657	MC68	MC68	coral	HKCCD7021-2	77.0	LuoLab	Luo Danli	77.0	95.78879066309231	2.79462623038042			
GNM013033445	MC68		brown algae	HKCCA6041	76.0	LuoLab	Chu Xiao	76.0	95.78879066309231	2.79462623038042			submerged
GNM013033395	MC68		brown algae	HKCCA6064	78.0	LuoLab	Chu Xiao	78.0	95.66076459232885	2.79462623038042			submerged
GNM013034955	MC68		brown algae	HKCCA5019	59.0	LuoLab	Chu Xiao	59.0	95.72283783875962	3.107618638344896			submerged
GNM013034775	MC192		brown algae	HKCCC1208	44.0	LuoLab	Chu Xiao	44.0	95.66076459232882	3.069300345836658			submerged
GNM013035865	MC184		brown algae	HKCCA4852	43.0	LuoLab	Chu Xiao	43.0	95.9400942012674	2.715482841181165			submerged
GNM4299	MC124	MC124	coral	HKCCD7214	29.0	LuoLab	Luo Danli	29.0	96.03320407091356	2.892391593508912			
GNM4298	MC38	MC38	coral	HKCCD7099	43.0	LuoLab	Luo Danli	43.0	95.753874461975	2.3104549082202714			
GNM013034845	MC38		brown algae	HKCCA5738	43.0	LuoLab	Chu Xiao	43.0	96.01171717791829	2.4035647778664537			submerged
GNM013033345	MC38		brown algae	HKCCA6553	36.0	LuoLab	Chu Xiao	36.0	96.03320407091356	2.4966746475126365			submerged
GNM4303	MC38	MC38	coral	HKCCD7235	48.0	LuoLab	Luo Danli	48.0	96.08906999270128	2.16147911678638			
GNM013034675	MC165		brown algae	HKCCC1285	26.0	LuoLab	Chu Xiao	26.0	95.9400942012674	2.350802518400284			submerged
GNM013034855	MC165		brown algae	HKCCA5755	33.0	LuoLab	Chu Xiao	33.0	95.9400942012674	2.729449321628093			submerged
GNM013034815	MC165		brown algae	HKCCC1157	23.0	LuoLab	Chu Xiao	23.0	96.03320407091356	2.682894386805001			submerged
GNM013033385	MC38		brown algae	HKCCA6043	25.0	LuoLab	Chu Xiao	25.0	96.06367639188868	2.4547752061718544			submerged
GNM4661	MC38	MC38	coral	HKCCD7041	36.0	LuoLab	Luo Danli	36.0	95.67652164719205	2.319765895184889			
GNM013034905	MC38		brown algae	HKCCA5649	29.0	LuoLab	Chu Xiao	29.0	96.0308763241724	2.7620377760042563			submerged
GNM013034945	MC38		brown algae	HKCCA4796	27.0	LuoLab	Chu Xiao	27.0	96.08906999270128	2.566507049747273			submerged
GNM013034915	MC38		brown algae	HKCCA5663	23.0	LuoLab	Chu Xiao	23.0	96.067583099706	2.7558304513611778			submerged
GNM013034725	MC38		brown algae	HKCCC1266	24.0	LuoLab	Chu Xiao	24.0	96.08906999270128	2.194067571162543			submerged
GNM3555	MC38	MC74	coral	HKCCD6567	31.0	LuoLab	Luo Danli	31.0	95.98820096725125	2.752726789039638			
GNM013034755	MC38		brown algae	HKCCC1212	30.0	LuoLab	Chu Xiao	30.0	96.02311716836856	2.90635807395584			submerged
GNM013035005	MC38		brown algae	HKCCA4756	28.0	LuoLab	Chu Xiao	28.0	95.80974038376272	3.348629954775206			submerged
GNM4742	MC129	MC129	coral	HKCCD7731	18.0	LuoLab	Luo Danli	18.0	95.61820705675454	2.347698856078744			
GNM013034805	MC177		brown algae	HKCCC1182	25.0	LuoLab	Chu Xiao	25.0	95.8676084933068	2.3787354792941384			submerged
GNM013033735	MC177		brown algae	HKCCA4909	25.0	LuoLab	Chu Xiao	25.0	95.93744089554144	2.3787354792941384			submerged
GNM013034665	MC172		brown algae	HKCCC1588	23.0	LuoLab	Chu Xiao	23.0	95.9240115874194	2.1242351689279064			submerged
GNM013034975	MC172		brown algae	HKCCA5416	19.0	LuoLab	Chu Xiao	19.0	95.95892778853673	2.217345038574089			submerged
GNM013033725	MC197		brown algae	HKCCC1165	37.0	LuoLab	Chu Xiao	37.0	95.95892778853673	2.217345038574089			submerged
AA10	MC154	MC154	coral	M3-161	5.0		Xie Mei	100.0	97.9557011889414	3.814179303006119			
CF5	MC154	MC154	coral	CF5	33.0		Luo Danli	33.0	97.9557011889414	3.963155094440011			
BJ6	MC72	MC72	coral	M3-126	32.0		Xie Mei	32.0	97.7772406054529	2.2080340516094705			
GNM6429	MC117	MC117	coral	HKCCD9169	32.0	LuoLab	Luo Danli	32.0	98.33589982333	2.8564777866453843			
C11	MC142	MC142	coral	M5-8	34.0		Xie Mei	34.0	97.72292651482596	3.5115722266560256			
FF10	MC300		Halophila ovalis	ZJDCS006	25.0		Huang Yanyan	25.0	98.86531299240796	2.693757204930389			intertidal
GNM6421	MC119	MC119	coral	HKCCD8500	8.0	LuoLab	Luo Danli	8.0	98.79548059017333	1.615234548195442			
GNM013035225	MC11s3		brown algae	HKCCA5369	8.0	LuoLab	Chu Xiao	8.0	98.86531299240796	1.615234548195442			submerged
GNM526588001505	MC11s3		bare flat	HKCCSP310	10.0		Ren Minglei	10.0	98.86531299240796	1.5686796133723508			intertidal
GNM013035185	MC11s3		brown algae	HKCCA5546	12.0	LuoLab	Chu Xiao	12.0	98.86531299240796	1.5686796133723508			submerged
GNM526588000091	MC213		brown algae	HKCCA0504	15.0		Chu Xiao	15.0	99.17955880246382	1.6385120156069877			submerged
CI8	MC11s2	MC11	coral	M5-11	10.0		Xie Mei	10.0	99.1446426013465	1.673965389049188			
GNM013035235	MC11s3		brown algae	HKCCA5275	15.0	LuoLab	Chu Xiao	15.0	98.95842286205414	1.7083444178416245			submerged
GNM526588001519	MC215		bare flat	HKCCSP317	23.0		Ren Minglei	23.0	99.18188654920498	2.289616032632792			intertidal
GNM526588001693	MC212		bare flat	HKCCSP372	18.0		Ren Minglei	18.0	99.23775247099267	2.007626141704354			intertidal
FH3	MC11s3		Zostera japonica	HOTBL030	178.0		Huang Yanyan	178.0	99.18188654920498	3.415580384854128			intertidal
FH2	MC11s3		Zostera japonica	HOTAL019	337.0		Huang Yanyan	337.0	99.18188654920498	4.627536492061632			intertidal
FG3	MC11s3		Halophila ovalis	HODAL019	108.0		Huang Yanyan	108.0	99.23775247099267	3.566551387780438			intertidal
BF8	MC11s3	MC11	coral	Y812	12.0		Xie Mei	12.0	99.23775247099267	1.7083444178416245			
BF9	MC11s3	MC11	coral	Y830	26.0		Xie Mei	26.0	99.23775247099267	1.7083444178416245			
A2	MC11s3	MC11	coral	M2-8	14.0		Xie Mei	14.0	99.23775247099267	1.5686796133723508			
GNM013032855	MC11s3		brown algae	HKCCA0515	9.0	LuoLab	Chu Xiao	9.0	99.23775247099267	1.7083444178416245			submerged
GNM526588001500	MC11s3		bare flat	HKCCSP299	13.0		Ren Minglei	13.0	99.23775247099267	2.007626141704354			intertidal
FJ11	MC11s3		Zostera japonica	ZJDCL021	16.0		Huang Yanyan	16.0	99.23775247099267	1.7083444178416245			intertidal
FK1	MC11s3		Zostera japonica	ZJTAS004	66.0		Huang Yanyan	66.0	99.23775247099267	1.848009222310898			intertidal
GNM6329	MC11s3	MC11	coral	HKCCD9083	10.0	LuoLab	Luo Danli	10.0	99.16792006875804	1.5686796133723508			
GNM526588003370	MC11s3		bare flat	SZCCBHA162	22.0		Huang Yanyan	22.0	99.23775247099267	2.1971712334840827			intertidal
GNM526588003400	MC11s3		bare flat	SZCCBHC029	19.0		Huang Yanyan	19.0	98.95842286205414	1.9178416245455352			intertidal
GNM013032925	MC11s3		brown algae	HKCCA0240	13.0	LuoLab	Chu Xiao	13.0	99.23775247099267	1.987674026780172			submerged
FK9	MC11s3		Zostera japonica	ZJDCL025	39.0		Huang Yanyan	39.0	99.23775247099267	2.308442643638174			intertidal
GNM526588000989	MC11s3		mangrove	HKCCE2848	9.0		Zhou Zhichao	9.0	99.23775247099267	1.987674026780172			intertidal
GNM013035085	MC11s3		brown algae	HKCCA5923	19.0	LuoLab	Chu Xiao	19.0	99.0980876665234	1.848009222310898			submerged
FG7	MC11s3		Halophila ovalis	ZJDAS017	15.0		Huang Yanyan	15.0	99.23775247099267	1.848009222310898			intertidal
FG12	MC11s3		Halophila ovalis	AC03	161.0		Huang Yanyan	161.0	98.39976364417704	3.1776897838350355			intertidal
GNM526588001841	MC11s3		bare flat	HKCCSP433	8.0		Ren Minglei	8.0	99.23775247099267	1.7083444178416245			intertidal
GNM526588000993	MC11s3		mangrove	HKCCE2895	10.0		Zhou Zhichao	10.0	99.21235887018013	1.8573202092755163			intertidal
GNM526588000904	MC11s3		mangrove	HKCCE2330	31.0		Zhou Zhichao	31.0	99.23775247099267	2.69065354260885			intertidal
GNM013032945	MC11s3		brown algae	HKCCA0154	11.0	LuoLab	Chu Xiao	11.0	99.23775247099267	1.6385120156069877			submerged
CH4	MC11s3	MC11	coral	M3-104	15.0		Xie Mei	15.0	99.23775247099267	1.6385120156069877			
BI10	MC11s3	MC11	coral	M2-21	14.0		Xie Mei	14.0	99.23775247099267	1.6385120156069877			
BC8	MC11s3	MC11	coral	15	2.0		Xie Mei	14.0	99.23775247099267	1.6385120156069877			
BB4	MC11s3	MC11	coral	125	14.0		Xie Mei	14.0	99.23775247099267	1.6385120156069877			
CG3	MC11s4	MC11	coral	CG3	10.0		Luo Danli	10.0	99.27266867211002	1.7083444178416245			
GNM013032875	MC11s3		brown algae	HKCCA0510	8.0	LuoLab	Chu Xiao	8.0	99.1446426013465	1.7316218852531702			submerged
GNM013033475	MC211		brown algae	HKCCA0037	16.0	LuoLab	Chu Xiao	16.0	99.1446426013465	2.187195176021992			submerged
GNM526588000970	MC11s3		mangrove	HKCCE2367	17.0		Zhou Zhichao	17.0	99.23775247099267	2.077458543938991			intertidal
GNM526588001682	MC11s3		bare flat	HKCCSP370	27.0		Ren Minglei	27.0	99.23775247099267	2.605081138600692			intertidal
FO12	MC11s3		mussel	TS-4	54.0		Xie Mei	54.0	99.1446426013465	2.4242928083710207			subtidal
CI5	MC11s1	MC11	coral	A51	14.0		Xie Mei	14.0	99.19119753616958	1.4522922763146229			
GNM013033425	MC11s3		brown algae	HKCCA6437	11.0	LuoLab	Chu Xiao	11.0	99.23775247099267	1.5686796133723508			submerged
GNM526588000023	MC217		coral	1A06610	18.0		Shao Zongze	18.0	99.23775247099267	1.5686796133723508			
GNM019801065	MC216		offshore	DP3N14-3  	13.0	Others	-	13.0	99.23775247099267	1.712334840826461			submerged
GNM013033465	MC214		brown algae	HKCCA0501	15.0	LuoLab	Chu Xiao	15.0	98.98170032946568	1.7083444178416245			submerged
GNM013035025	MC208		brown algae	HKCCA6764	14.0	LuoLab	Chu Xiao	14.0	98.98170032946568	1.7393810410570183			submerged
BC2	MC11s3	MC11	coral	M5-32	8.0		Xie Mei	8.0	99.23775247099267	1.7083444178416245			
GNM013035175	MC11s3		brown algae	HKCCA5403	8.0	LuoLab	Chu Xiao	8.0	99.23775247099267	1.7083444178416245			submerged
FG4	MC11s3		Halophila ovalis	HOTAL006	51.0		Huang Yanyan	51.0	99.27266867211002	2.494135287431377			intertidal
GNM013035125	MC11s3		brown algae	HKCCA5915	14.0	LuoLab	Chu Xiao	14.0	99.1446426013465	1.987674026780172			submerged
GNM013035055	MC11s3		brown algae	HKCCA5932	18.0	LuoLab	Chu Xiao	18.0	99.1446426013465	1.987674026780172			submerged
GNM526588001623	MC209		bare flat	HKCCSP348	17.0		Ren Minglei	17.0	99.23775247099267	2.0475303715527184			intertidal
GNM526588001091	MC11s3		mangrove	HKCCE3961	10.0		Zhou Zhichao	10.0	99.1446426013465	1.5686796133723508			intertidal
GNM013032845	MC11s3		brown algae	HKCCA0519	10.0	LuoLab	Chu Xiao	10.0	99.1446426013465	1.7083444178416245			submerged
GNM4295	MC11s3	MC11	coral	HKCCD6598	9.0	LuoLab	Luo Danli	9.0	99.23775247099267	1.8573202092755163			
GNM4648	MC11s3	MC11	coral	HKCCD6598-2	13.0	LuoLab	Luo Danli	13.0	99.23775247099267	1.8573202092755163			
GNM3541	MC11s3	MC11	coral	HKCCD6425	15.0	LuoLab	Luo Danli	15.0	99.22611373728692	1.7083444178416245			
CG8	MC11s3	MC11	coral	CG8	14.0		Luo Danli	14.0	99.22611373728692	1.7083444178416245			
BC6	MC123	MC123	coral	4	15.0		Xie Mei	15.0	99.23775247099267	1.848009222310898			
GNM526588002948	MC179		bare flat	SZCCDBB019	27.0		Lin Xingqin	27.0	99.1446426013465	2.596556144042178			intertidal
GNM526588002947	MC179		bare flat	SZCCDBB018	25.0		Lin Xingqin	25.0	99.1446426013465	2.596556144042178			intertidal
CH5	MC11s3	MC11	coral	M5-22	14.0		Xie Mei	14.0	99.23775247099267	1.5686796133723508			
GNM013035165	MC11s3		brown algae	HKCCA5725	14.0	LuoLab	Chu Xiao	14.0	99.23775247099267	1.7083444178416245			submerged
GNM526588001485	MC11s3		bare flat	HKCCSP256	15.0		Ren Minglei	15.0	99.09829927986353	2.007626141704354			intertidal
GNM013035265	MC170		brown algae	HKCCA4685	4.0	LuoLab	Chu Xiao	4.0	99.23775247099267	1.5686796133723508			submerged
GNM013035145	MC170		brown algae	HKCCA5708	7.0	LuoLab	Chu Xiao	7.0	99.23775247099267	1.5901665063676238			submerged
CF2	MC58	MC58	coral	CF2	11.0		Luo Danli	11.0	99.27266867211002	1.7548993526647156			
GNM6456	MC58	MC58	coral	HKCCD8343	11.0	LuoLab	Luo Danli	11.0	99.27266867211002	1.5686796133723508			
GNM013035305	MC210		brown algae	HKCCA4775	22.0	LuoLab	Chu Xiao	22.0	99.1446426013465	2.217123348408265			submerged
GNM6453	MC99	MC99	coral	HKCCD9190	14.0	LuoLab	Luo Danli	14.0	99.23775247099267	1.5686796133723508			
BJ5	MC14	MC14	coral	M3-124	24.0		Xie Mei	24.0	99.1446426013465	2.217123348408265			
GNM3527	MC14	MC14	coral	HKCCD6232	10.0	LuoLab	Luo Danli	10.0	99.1446426013465	2.217123348408265			
BJ4	MC14	MC14	coral	M3-120	14.0		Xie Mei	14.0	99.1446426013465	2.2570275782566287			
BJ3	MC14	MC14	coral	M3-116	2.0		Xie Mei	450.0	99.17955880246382	6.481201914162807			
GNM526588001047	MC14		mangrove	HKCCE3875	10.0		Zhou Zhichao	10.0	99.21447500358114	2.2570275782566287			intertidal
GNM4290	MC14	MC14	coral	HKCCD6276	21.0		Luo Danli	21.0	99.1446426013465	2.384721113771393			
BB9	MC14	MC14	coral	M5-2	11.0		Xie Mei	11.0	99.1446426013465	2.384721113771393			
GNM4631	MC14	MC14	coral	HKCCD6120	12.0	LuoLab	Luo Danli	12.0	99.1446426013465	2.384721113771393			
GNM526588001530	MC14		bare flat	HKCCSP318	22.0		Ren Minglei	22.0	99.0887766795588	2.496452957346812			intertidal
GNM526588001482	MC201		bare flat	HKCCSP250	14.0		Ren Minglei	14.0	99.1446426013465	2.217123348408265			intertidal
GNM526588001494	MC188		bare flat	HKCCSP287	14.0		Ren Minglei	14.0	99.23775247099267	9.735636027535469			intertidal
FO11	MC219		mussel	TS-3	8.0		Xie Mei	8.0	99.1446426013465	1.764210339629334			subtidal
GNM526588001501	MC180		bare flat	HKCCSP300	18.0		Ren Minglei	18.0	99.1446426013465	2.175223907067483			intertidal
GNM526588003300	MC92		Spartina	SAZA006	18.0		Song Zenglei	18.0	99.07481019911188	1.9178416245455352			intertidal
GNM900185035	MC92	MC92	coral	Ruegeria arenilitoris CECT 8715	11.0	Others	-	11.0	99.07481019911188	2.1971712334840827			
GNM526588003299	MC92		Spartina	CRTD044	20.0		Song Zenglei	20.0	99.1446426013465	2.1971712334840827			intertidal
GNM526588000027	MC219		coral	1A07694	34.0		Shao Zongze	34.0	98.48323696787384	2.020262481156336			
GNM526588001105	MC202		mangrove	HKCCE4067	9.0		Zhou Zhichao	9.0	99.1446426013465	2.187195176021992			intertidal
FP1	MC189		mussel	TS-6	18.0		Xie Mei	18.0	99.1446426013465	2.356788152877538			subtidal
GNM526588001055	MC189		mangrove	HKCCE4083	8.0		Zhou Zhichao	8.0	99.1446426013465	2.380065620289084			intertidal
GNM013035065	MC187		brown algae	HKCCA5930	7.0	LuoLab	Chu Xiao	7.0	99.1446426013465	1.8619757027578256			submerged
GNM526588003401	MC158		bare flat	SZCCBHC037	11.0		Huang Yanyan	11.0	98.80944707062028	0.3923915935089119			intertidal
GNM526588001596	MC158		bare flat	HKCCSP331	23.0		Ren Minglei	23.0	98.5859833834694	1.01755786113328			intertidal
GNM526588003391	MC158		bare flat	SZCCBHB172	14.0		Huang Yanyan	14.0	98.30665377453086	1.100026602819899			intertidal
GNM526588001626	MC158		bare flat	HKCCSP354	39.0		Ren Minglei	39.0	98.18095545050852	1.6926044160681033			intertidal
GNM526588001625	MC158		bare flat	HKCCSP353	31.0		Ren Minglei	31.0	98.18095545050852	1.6926044160681033			intertidal
GNM526588001050	MC158		mangrove	HKCCE3923	25.0		Zhou Zhichao	25.0	98.18095545050852	1.8903349908936504			intertidal
GNM526588003383	MC158		bare flat	SZCCBHB059	25.0		Huang Yanyan	25.0	98.51615098123476	2.4434690077148176			intertidal
GNM526588003384	MC158		bare flat	SZCCBHB062	27.0		Huang Yanyan	27.0	98.48821802034092	2.387603085927108			intertidal
GNM526588003385	MC158		bare flat	SZCCBHB063	24.0		Huang Yanyan	24.0	98.46028505944707	2.387603085927108			intertidal
GNM526588003394	MC158		bare flat	SZCCBHB203	22.0		Huang Yanyan	22.0	98.46028505944707	2.4434690077148176			intertidal
GNM526588003388	MC158		bare flat	SZCCBHB116	25.0		Huang Yanyan	25.0	98.51615098123476	2.1641393987762703			intertidal
GNM526588003393	MC158		bare flat	SZCCBHB199	21.0		Huang Yanyan	21.0	98.46028505944707	0.9510508113860068			intertidal
GNM526588003375	MC158		bare flat	SZCCBHA191	22.0		Huang Yanyan	22.0	98.46028505944707	0.8424226301321273			intertidal
GNM526588003418	MC158		bare flat	SZCCBHC224	25.0		Huang Yanyan	25.0	98.51615098123476	2.5801340186815045			intertidal
GNM526588003402	MC158		bare flat	SZCCBHC043	18.0		Huang Yanyan	18.0	98.51615098123476	2.463421122639			intertidal
GNM526588003360	MC158		bare flat	SZCCBHA053	17.0		Huang Yanyan	17.0	98.23682137229622	0.7275871242351689			intertidal
GNM526588003421	MC158		bare flat	SZCCBHC276	19.0		Huang Yanyan	19.0	98.14371150265004	1.4658153764299018			intertidal
GNM526588003398	MC158		bare flat	SZCCBHC026	29.0		Huang Yanyan	29.0	98.86531299240796	1.0907156158552809			intertidal
GNM900129345	MC110	MC110	coral	Ruegeria intermedia DSM 29341	86.0	Others	-	86.0	98.1111230482739	2.6469805799414736			
GNM000161775	MC47	MC47	coral	Ruegeria lacuscaerulensis ITI-1157	2.0	Others	-	2.0	99.20283626987538	0.6018888002128225			
GNM900141625	MC47	MC47	coral	Ruegeria lacuscaerulensis DSM 11314	19.0	Others	-	19.0	99.34250107434464	0.8812184091513701			
AJ3	MC10	MC10	coral	M8-22	203.0		Xie Mei	203.0	97.48084085374587	4.878053355706987			
AI9	MC10	MC10	coral	M2-60	215.0		Xie Mei	215.0	97.48084085374587	4.878053355706987			
AI7	MC10	MC10	coral	M2-40	207.0		Xie Mei	207.0	97.48084085374587	4.878053355706987			
A11	MC10	MC10	coral	M2-43	215.0		Xie Mei	215.0	97.48084085374587	4.784943486060805			
AI4	MC10	MC10	coral	M2-31	209.0		Xie Mei	209.0	97.48084085374587	4.878053355706987			
AC4	MC10	MC10	coral	M10-31	209.0		Xie Mei	209.0	97.48084085374587	4.878053355706987			
AC1	MC10	MC10	coral	M10-25	204.0		Xie Mei	204.0	97.48084085374587	4.878053355706987			
AI5	MC10	MC10	coral	M2-35	206.0		Xie Mei	206.0	97.48084085374587	4.878053355706987			
CH1	MC10	MC10	coral	M7-70	201.0		Xie Mei	201.0	97.48084085374587	4.878053355706987			
AB2	MC10	MC10	coral	M2-65	203.0		Xie Mei	203.0	97.48084085374587	4.878053355706987			
AI6	MC10	MC10	coral	M2-36	202.0		Xie Mei	202.0	97.48084085374587	4.878053355706987			
AA11	MC10	MC10	coral	M2-55	200.0		Xie Mei	200.0	97.20151124480734	5.017718160176261			
AJ5	MC10	MC10	coral	M10-20	204.0		Xie Mei	204.0	97.20151124480734	4.878053355706987			
BJ12	MC10	MC10	coral	M10-21	199.0		Xie Mei	199.0	97.48084085374587	4.878053355706987			
E11	MC10	MC10	coral	M10-16	203.0		Xie Mei	203.0	97.48084085374587	4.878053355706987			
A7	MC10	MC10	coral	M2-33	216.0		Xie Mei	216.0	97.48084085374587	4.691833616414622			
AI8	MC10	MC10	coral	M2-46	205.0		Xie Mei	205.0	97.48084085374587	5.017718160176261			
B5	MC10	MC10	coral	M2-59	196.0		Xie Mei	196.0	97.48084085374587	4.878053355706987			
B3	MC10	MC10	coral	M2-51	196.0		Xie Mei	196.0	97.48084085374587	4.878053355706987			
AC3	MC10	MC10	coral	M10-30	209.0		Xie Mei	209.0	97.48084085374587	4.878053355706987			
AB3	MC10	MC10	coral	M2-67	211.0		Xie Mei	211.0	97.48084085374587	4.947885757941624			
B1	MC10	MC10	coral	M2-49	3.0		Xie Mei	200.0	97.48084085374587	4.878053355706987			
F1	MC10	MC10	coral	M10-19	205.0		Xie Mei	205.0	97.20151124480734	4.878053355706987			
E10	MC10	MC10	coral	M10-14	213.0		Xie Mei	213.0	97.48084085374587	4.784943486060805			
GNM3478	MC10	MC10	coral	HKCCD4060	91.0	LuoLab	Luo Danli	91.0	97.89983526715368	6.673760751973043			
GNM3486	MC10	MC10	coral	HKCCD4062	85.0		Luo Danli	85.0	97.89983526715368	6.673760751973043			
GNM3499	MC10	MC10	coral	HKCCD4065	79.0	LuoLab	Luo Danli	79.0	97.89983526715368	6.673760751973043			
F6	MC10	MC10	coral	M11-15	6.0		Xie Mei	200.0	96.70845216236278	5.742058175512004			
B4	MC10	MC10	coral	M2-58	5.0		Xie Mei	493.0	95.65153421996996	5.6300524793788025			
B2	MC10	MC10	coral	M2-50	6.0		Xie Mei	207.0	95.65866551201746	5.613621325911829			
E12	MC10	MC10	coral	M10-17	6.0		Xie Mei	203.0	97.25737716659503	5.390157638760991			
E4	MC10	MC10	coral	M8-44	6.0		Xie Mei	249.0	95.8163980650014	5.421650682906023			
D9	MC10	MC10	coral	M7-42	5.0		Xie Mei	195.0	95.81826537832124	5.6927647151110845			
F7	MC10	MC10	coral	M11-19	4.0		Xie Mei	209.0	97.48084085374587	4.342671605241438			
B7	MC10	MC10	coral	M2-61	6.0		Xie Mei	271.0	95.7016664279234	5.3203252365263545			
E9	MC10	MC10	coral	M10-13	6.0		Xie Mei	250.0	96.39788439369444	5.473956521442555			
AC11	MC10	MC10	coral	M11-26	7.0		Xie Mei	205.0	97.48084085374587	5.878984454403449			
AJ9	MC10	MC10	coral	M11-21	8.0		Xie Mei	211.0	97.48084085374587	4.878053355706987			
AB1	MC10	MC10	coral	M2-64	4.0		Xie Mei	204.0	97.48084085374587	4.878053355706987			
AA12	MC10	MC10	coral	M2-57	6.0		Xie Mei	222.0	97.48084085374587	5.157382964645534			
AJ1	MC10	MC10	coral	M7-41	10.0		Xie Mei	209.0	97.4554472529333	5.413435106172537			
GNM3483	MC10	MC10	coral	HKCCD4061	93.0	LuoLab	Luo Danli	93.0	97.89983526715368	6.74359315420768			
AJ12	MC46	MC46	coral	S4-62	2.0		Xie Mei	207.0	98.40030081650194	5.648631319022381			
AK1	MC46	MC46	coral	S4-53	2.0		Xie Mei	40.0	98.40030081650194	5.315908486299548			
BA10	MC2s2	MC2	coral	M3-158	41.0		Xie Mei	41.0	98.42125053717233	2.0459614873022693			
BB10	MC2s2	MC2	coral	M5-4	6.0		Xie Mei	2627.0	75.42698050297457	4.467109550908433			
BD3	MC2s1	MC2	coral	M7-59	30.0		Xie Mei	30.0	98.3260245341251	3.0329261055518044			
BD7	MC2s1	MC2	coral	M10-69	28.0		Xie Mei	28.0	98.3514181349377	3.0329261055518044			
CI9	MC2s1	MC2	coral	M7-32	34.0		Xie Mei	34.0	98.3260245341251	3.0329261055518044			
BD9	MC2s1	MC2	coral	M11-6	28.0		Xie Mei	28.0	98.3514181349377	3.0329261055518044			
BC5	MC2s1	MC2	coral	M11-68	18.0		Xie Mei	18.0	97.2340996991835	1.999406552479178			
BC12	MC2s1	MC2	coral	M7-33	28.0		Xie Mei	28.0	98.3260245341251	3.0329261055518044			
BD6	MC2s1	MC2	coral	M10-3	38.0		Xie Mei	38.0	98.3514181349377	3.0329261055518044			
BD5	MC2s1	MC2	coral	M8-127	31.0		Xie Mei	31.0	98.3514181349377	3.0329261055518044			
BC4	MC2s1	MC2	coral	M11-55	30.0		Xie Mei	30.0	98.3514181349377	3.0329261055518044			
BD2	MC2s1	MC2	coral	M7-39	31.0		Xie Mei	31.0	98.3260245341251	3.0329261055518044			
AI1	MC2s1	MC2	coral	M2-45	81.0		Xie Mei	81.0	98.3514181349377	3.126035975197986			
BD1	MC2s1	MC2	coral	M7-34	30.0		Xie Mei	30.0	98.3514181349377	3.0329261055518044			
CH9	MC2s1	MC2	coral	M10-32	37.0		Xie Mei	37.0	98.3260245341251	3.0329261055518044			
BD4	MC2s1	MC2	coral	M7-85	29.0		Xie Mei	29.0	98.3260245341251	3.0329261055518044			
BD8	MC2s1	MC2	coral	M11-5	28.0		Xie Mei	28.0	98.3514181349377	3.0329261055518044			
BA8	MC2s1	MC2	coral	M11-8	29.0		Xie Mei	29.0	98.3260245341251	3.0329261055518044			
GNM013033245	MC2s1		brown algae	HKCCA0214	27.0	LuoLab	Chu Xiao	27.0	98.3260245341251	3.0329261055518044			submerged
CJ9	MC2s1	MC2	coral	F1M-23	29.0		Xie Mei	29.0	98.29555221315	2.883950314117912			
CJ7	MC2s1	MC2	coral	F1M-11	43.0		Xie Mei	43.0	98.29555221315	2.883950314117912			
BA12	MC2s1	MC2	coral	M4-4	29.0		Xie Mei	29.0	98.42125053717233	2.883950314117912			
BB1	MC2s1	MC2	coral	M4-10	26.0		Xie Mei	26.0	98.3260245341251	3.1632799230564594			
BH4	MC2s1	MC2	coral	A94	27.0		Xie Mei	27.0	98.30063093331248	2.883950314117912			
BH6	MC2s1	MC2	coral	A100	20.0		Xie Mei	20.0	97.7419717154354	2.129760369983833			
BH3	MC2s1	MC2	coral	A93	26.0		Xie Mei	26.0	98.30063093331248	2.828084392330202			
BH2	MC2s1	MC2	coral	A92	20.0		Xie Mei	20.0	98.30063093331248	2.828084392330202			
BH1	MC2s1	MC2	coral	A91	21.0		Xie Mei	21.0	98.30063093331248	2.828084392330202			
BH5	MC2s1	MC2	coral	A97	27.0		Xie Mei	27.0	98.30063093331248	2.828084392330202			
GNM020524825	MC2s1		Spartina	DP6N0-3  	19.0	Others	-	19.0	98.3260245341251	2.828084392330202			intertidal
GNM6464	MC2s1	MC2	coral	HKCCD8206	29.0	LuoLab	Luo Danli	29.0	98.30063093331248	2.604620705179364			
BE10	MC2s1	MC2	coral	S162	22.0		Xie Mei	22.0	98.39021391395691	2.883950314117912			
GNM6342	MC2s1	MC2	coral	HKCCD9111	30.0	LuoLab	Luo Danli	30.0	98.27015861233738	3.4426095319950067			
GNM6455	MC2s1	MC2	coral	HKCCD9150	29.0	LuoLab	Luo Danli	29.0	98.27015861233738	3.4426095319950067			
GNM013034145	MC2s1		brown algae	HKCCA5460	28.0	LuoLab	Chu Xiao	28.0	98.27015861233738	2.883950314117912			submerged
BB5	MC2s1	MC2	coral	127	28.0		Xie Mei	28.0	98.07208852599916	3.023615118587186			
BI7	MC2s1	MC2	coral	M2-12	31.0		Xie Mei	31.0	98.36538461538464	3.731250127898173			
GNM3888	MC2s1	MC2	coral	HKCCD6168	26.0	LuoLab	Luo Danli	26.0	98.33999101457202	2.558065770356273			
GNM013034425	MC2s1		brown algae	HKCCA4692	29.0	LuoLab	Chu Xiao	29.0	98.36538461538464	2.502199848568564			submerged
CF11	MC2s1	MC2	coral	CF11	37.0		Luo Danli	37.0	98.36538461538464	2.558065770356273			
BA9	MC2s1	MC2	coral	M3-146	32.0		Xie Mei	32.0	98.33999101457202	3.209834857879551			
GNM6307	MC2s1	MC2	coral	HKCCD8755	33.0	LuoLab	Luo Danli	33.0	98.39585693635972	3.209834857879551			
GNM013033185	MC2s1		brown algae	HKCCA0238	28.0	LuoLab	Chu Xiao	28.0	98.39585693635972	2.651175640002456			submerged
FM4	MC310		oyster	oyster11	84.0		Xie Mei	84.0	98.39585693635972	3.3200148702942			subtidal
FM9	MC310		oyster	oyster37	41.0		Xie Mei	41.0	98.39585693635972	4.008789162420447			subtidal
GNM6458	MC2s1	MC2	coral	HKCCD9162	18.0	LuoLab	Luo Danli	18.0	98.29555221315	2.2694251744531075			
GNM6434	MC2s1	MC2	coral	HKCCD9204	26.0	LuoLab	Luo Danli	26.0	98.2645155899346	2.883950314117912			
GNM3878	MC144	MC144	coral	HKCCD7052	49.0	LuoLab	Luo Danli	49.0	98.39585693635972	3.279667260114188			
GNM001458295	MC135	MC135	coral	Ruegeria denitrificans CECT 5091	42.0	Others	-	42.0	97.7927589170606	3.211625432295823			
BI11	MC132	MC132	coral	M3-97	78.0		Xie Mei	78.0	98.29555221315	4.531995006855342			
GNM3531	MC67	MC67	coral	HKCCD6218	40.0	LuoLab	Luo Danli	40.0	96.60560807907176	3.2126997769455867			
GNM4632	MC67	MC67	coral	HKCCD6128	41.0	LuoLab	Luo Danli	41.0	96.32627847013325	3.2126997769455867			
BB7	MC114	MC114	coral	M4-28	57.0		Xie Mei	57.0	96.36119467125054	2.312654756788835			
GNM013034165	MC67		brown algae	HKCCA5280	35.0	LuoLab	Chu Xiao	35.0	96.45995764012524	3.095238095238096			submerged
GNM526588003495	MC225		bare flat	SZCCYKF126	50.0		Huang Yanyan	50.0	97.04787995989112	4.049614259111466			intertidal
GNM526588003188	MC225		Spartina	CRTD039	51.0		Song Zenglei	51.0	97.04787995989112	3.604017025804735			intertidal
GNM526588003189	MC225		Spartina	TATE009	62.0		Song Zenglei	62.0	96.76855035095258	3.1092045756850224			intertidal
GNM526588002921	MC225		bare flat	SZCCDBA001	76.0		Lin Xingqin	76.0	95.79089671966766	2.696195796754456			intertidal
GNM526588000987	MC220		mangrove	HKCCE2826	13.0		Zhou Zhichao	13.0	97.53416741545232	4.990893650111528			intertidal
GNM526588000233	MC220		mangrove	HKCCE2090	20.0		Zhou Zhichao	20.0	97.53416741545232	4.806464485235434			intertidal
GNM526588000997	MC220		mangrove	HKCCE2979	19.0		Zhou Zhichao	19.0	97.53416741545232	4.899574354881618			intertidal
GNM526588000974	MC220		mangrove	HKCCE2647	20.0		Zhou Zhichao	20.0	97.53416741545232	4.899574354881618			intertidal
GNM526588001036	MC220		mangrove	HKCCE2583	20.0		Zhou Zhichao	20.0	97.62727728509851	4.899574354881618			intertidal
GNM020524465	MC220		offshore	DP7Y7-4  	20.0	Others	-	20.0	97.62727728509851	4.424714019686086			submerged
GNM020171505	MC220		offshore	DP1N0-1  	21.0	Others	-	21.0	97.53416741545232	4.424714019686086			submerged
GNM526588000973	MC220		mangrove	HKCCE2638	21.0		Zhou Zhichao	21.0	97.62727728509851	4.229183293429103			intertidal
GNM526588000982	MC220		mangrove	HKCCE2735	21.0		Zhou Zhichao	21.0	97.53416741545232	4.704043628624634			intertidal
GNM526588000204	MC220		mangrove	HKCCE1860	28.0		Zhou Zhichao	28.0	97.53416741545232	4.983373237563181			intertidal
GNM526588000995	MC220		mangrove	HKCCE2935	24.0		Zhou Zhichao	24.0	97.53416741545232	4.704043628624634			intertidal
GNM526588000978	MC220		mangrove	HKCCE2697	22.0		Zhou Zhichao	22.0	97.53416741545232	4.843708433093907			intertidal
GNM526588000208	MC220		mangrove	HKCCE1951	29.0		Zhou Zhichao	29.0	97.62727728509851	4.820430965682363			intertidal
GNM526588001010	MC220		mangrove	HKCCE3198	22.0		Zhou Zhichao	22.0	97.62727728509851	4.820430965682363			intertidal
GNM526588001082	MC220		mangrove	HKCCE3950	27.0		Zhou Zhichao	27.0	97.62727728509851	4.890263367916999			intertidal
GNM526588001051	MC220		mangrove	HKCCE4031	26.0		Zhou Zhichao	26.0	97.62727728509851	4.750598563447725			intertidal
GNM526588001128	MC220		mangrove	HKCCE4030	27.0		Zhou Zhichao	27.0	97.62727728509851	4.983373237563181			intertidal
GNM526588001052	MC220		mangrove	HKCCE4046	22.0		Zhou Zhichao	22.0	97.62727728509851	4.890263367916999			intertidal
GNM526588000226	MC220		mangrove	HKCCE2065	29.0		Zhou Zhichao	29.0	97.62727728509851	5.029928172386272			intertidal
GNM526588000229	MC220		mangrove	HKCCE2072	29.0		Zhou Zhichao	29.0	97.62727728509851	4.890263367916999			intertidal
GNM526588000213	MC220		mangrove	HKCCE1988	39.0		Zhou Zhichao	39.0	97.62727728509851	4.750598563447725			intertidal
GNM526588000246	MC220		mangrove	HKCCE2009	32.0		Zhou Zhichao	32.0	97.62727728509851	4.750598563447725			intertidal
GNM526588000218	MC220		mangrove	HKCCE2004	33.0		Zhou Zhichao	33.0	97.62727728509851	4.750598563447725			intertidal
GNM526588000984	MC220		mangrove	HKCCE2746	33.0		Zhou Zhichao	33.0	97.53416741545232	4.890263367916999			intertidal
GNM526588001035	MC220		mangrove	HKCCE3668	27.0		Zhou Zhichao	27.0	97.62727728509851	5.239425379090183			intertidal
GNM526588000977	MC220		mangrove	HKCCE2694	23.0		Zhou Zhichao	23.0	97.62727728509851	4.750598563447725			intertidal
GNM526588000205	MC220		mangrove	HKCCE1910	32.0		Zhou Zhichao	32.0	97.62727728509851	4.173317371641394			intertidal
GNM526588000843	MC220		mangrove	HKCCE1731	29.0		Zhou Zhichao	29.0	97.62727728509851	5.239425379090183			intertidal
GNM526588001775	MC220		bare flat	HKCCSP410	34.0		Ren Minglei	34.0	97.62727728509851	4.438680500133014			intertidal
GNM526588001041	MC220		mangrove	HKCCE3753	25.0		Zhou Zhichao	25.0	97.53416741545232	4.229183293429103			intertidal
GNM526588001003	MC220		mangrove	HKCCE3125	29.0		Zhou Zhichao	29.0	97.1617279368676	4.797153498270816			intertidal
GNM526588001000	MC220		mangrove	HKCCE3115	31.0		Zhou Zhichao	31.0	96.74696579026188	4.9368183027400905			intertidal
GNM526588000998	MC220		mangrove	HKCCE3079	31.0		Zhou Zhichao	31.0	97.44105754580616	4.9368183027400905			intertidal
GNM526588001119	MC220		mangrove	HKCCE3851	33.0		Zhou Zhichao	33.0	96.74696579026188	5.216147911678638			intertidal
GNM526588001120	MC220		mangrove	HKCCE4065	32.0		Zhou Zhichao	32.0	96.74696579026188	4.9368183027400905			intertidal
GNM526588001021	MC220		mangrove	HKCCE3291	50.0		Zhou Zhichao	50.0	97.53416741545232	4.7612396914072885			intertidal
GNM526588001072	MC220		mangrove	HKCCE3949	46.0		Zhou Zhichao	46.0	97.81349702439088	5.020617185421656			intertidal
GNM526588001093	MC220		mangrove	HKCCE3953	46.0		Zhou Zhichao	46.0	97.53416741545232	4.461957967544559			intertidal
GNM526588000975	MC220		mangrove	HKCCE2651	37.0		Zhou Zhichao	37.0	97.53416741545232	4.461957967544559			intertidal
GNM526588000985	MC220		mangrove	HKCCE2757	35.0		Zhou Zhichao	35.0	96.97550819757524	6.049481245011972			intertidal
GNM526588000991	MC220		mangrove	HKCCE2865	34.0		Zhou Zhichao	34.0	96.88239832792904	3.9265762170790106			intertidal
GNM526588000212	MC220		mangrove	HKCCE1983	39.0		Zhou Zhichao	39.0	96.88239832792904	3.9265762170790106			intertidal
GNM526588000222	MC220		mangrove	HKCCE2081	41.0		Zhou Zhichao	41.0	97.46433501321768	4.694732641660016			intertidal
GNM526588000203	MC220		mangrove	HKCCE1808	38.0		Zhou Zhichao	38.0	97.46433501321768	4.694732641660016			intertidal
GNM526588001057	MC220		mangrove	HKCCE4110	41.0		Zhou Zhichao	41.0	97.39450261098304	4.694732641660016			intertidal
GNM526588001034	MC220		mangrove	HKCCE3667	46.0		Zhou Zhichao	46.0	97.39450261098304	4.741287576483107			intertidal
GNM526588001042	MC220		mangrove	HKCCE3754	41.0		Zhou Zhichao	41.0	97.46612558763395	4.83439744612929			intertidal
GNM001507545	MC111	MC111	coral	Ruegeria profundi ZGT108	33.0	Others	-	33.0	97.68314320688624	5.192870444267092			
GNM926926003721	MC234		marine ranching	YTSA135	45.0		Huang Yanyan	45.0	98.10213762029406	4.842156601933138			submerged
GNM526588001423	MC239		brown algae	HKCCA5740	59.0		Chu Xiao	59.0	96.03364435068346	6.08173018787544			submerged
GNM526588002493	MC233		brown algae	HKCCC1011	32.0		Chu Xiao	32.0	96.7823052180594	3.131134849011944			submerged
CK1	MC91	MC91	coral	F2M-19	30.0		Xie Mei	30.0	97.38032451719604	2.3629784244309384			
AA6	MC98	MC98	coral	M3-122	82.0		Xie Mei	82.0	98.36538461538464	5.114375072475632			
GNM6392	MC83	MC83	coral	HKCCD9103	272.0	LuoLab	Luo Danli	272.0	97.46521169705528	6.870127079624288			
GNM4684	MC16	MC16	coral	HKCCD7218	25.0	LuoLab	Luo Danli	25.0	96.67057337448398	2.511749578788685			
GNM6369	MC16	MC16	coral	HKCCD8719	41.0	LuoLab	Luo Danli	41.0	96.94778685002149	2.815908486299548			
GNM013035855	MC16		brown algae	HKCCA4830	32.0	LuoLab	Chu Xiao	32.0	96.94778685002149	2.2013833466347434			submerged
GNM013035605	MC16		brown algae	HKCCA5690	18.0	LuoLab	Chu Xiao	18.0	97.02396765245926	2.6923262956782508			submerged
GNM013035715	MC16		brown algae	HKCCA5588	42.0	LuoLab	Chu Xiao	42.0	96.90546418200049	2.092755165380864			submerged
GNM3875	MC16	MC16	coral	HKCCD7206-1	36.0	LuoLab	Luo Danli	36.0	96.90546418200049	2.092755165380864			
GNM3874	MC16	MC16	coral	HKCCD7206-2	41.0	LuoLab	Luo Danli	41.0	96.90546418200049	2.372084774319411			
GNM526588001287	MC16		mangrove	HKCCE4169	25.0		Zhou Zhichao	25.0	96.90546418200049	2.9866099139842155			intertidal
GNM4301	MC16	MC16	coral	HKCCD7225	28.0	LuoLab	Luo Danli	28.0	96.97318045083408	3.011439212556531			
GNM013032965	MC16		brown algae	HKCCA0712	52.0	LuoLab	Chu Xiao	52.0	96.97318045083408	2.2013833466347434			submerged
GNM013035745	MC16		brown algae	HKCCA5471	40.0	LuoLab	Chu Xiao	40.0	97.21018739175165	3.3264609381927817			submerged
GNM013035705	MC16		brown algae	HKCCA5471-2	36.0	LuoLab	Chu Xiao	36.0	97.21018739175165	3.3264609381927817			submerged
GNM6349	MC16	MC16	coral	HKCCD9147	46.0	LuoLab	Luo Danli	46.0	97.05020770663228	2.488472111377139			
GNM6373	MC137	MC137	coral	HKCCD8795	38.0	LuoLab	Luo Danli	38.0	97.0036527718092	3.359049392568945			
GNM013033605	MC16		brown algae	HKCCA6172	32.0	LuoLab	Chu Xiao	32.0	96.92450938260994	2.815908486299548			submerged
GNM013035275	MC16		brown algae	HKCCC2149	33.0	LuoLab	Chu Xiao	33.0	96.95942558372728	2.822559191274275			submerged
GNM013035615	MC16		brown algae	HKCCA5777	56.0	LuoLab	Chu Xiao	56.0	96.97106431743303	1.5496142591114657			submerged
GNM013035565	MC16		brown algae	HKCCA5751	54.0	LuoLab	Chu Xiao	54.0	96.97106431743303	1.5496142591114657			submerged
GNM013034395	MC16		brown algae	HKCCA4716	29.0	LuoLab	Chu Xiao	29.0	96.97388582863444	2.359670125033253			submerged
BB6	MC16	MC16	coral	M4-18	25.0		Xie Mei	25.0	97.02975175042214	2.359670125033253			
CF7	MC16	MC16	coral	CF7	49.0		Luo Danli	49.0	97.00492245184984	2.787975525405693			
GNM4619	MC16	MC16	coral	HKCCD5912	35.0	LuoLab	Luo Danli	35.0	97.00492245184984	2.615722266560255			
GNM013034185	MC16		brown algae	HKCCA5454	25.0	LuoLab	Chu Xiao	25.0	96.87795444778683	2.718143123171056			submerged
GNM013034125	MC16		brown algae	HKCCA5489	23.0	LuoLab	Chu Xiao	23.0	97.6693883397794	2.59244479914871			submerged
GNM013033805	MC16		brown algae	HKCCC1591	28.0	LuoLab	Chu Xiao	28.0	97.22923259236109	2.4434690077148176			submerged
GNM013033815	MC16		brown algae	HKCCC1522	48.0	LuoLab	Chu Xiao	48.0	97.22923259236109	2.3131151902101625			submerged
CL6	MC16	MC16	coral	F5T-18	36.0		Xie Mei	36.0	97.12836356691103	2.362773787354793			
GNM013034225	MC240		brown algae	HKCCA5270	19.0	LuoLab	Chu Xiao	19.0	97.09168392129286	2.389154917087878			submerged
GNM013033895	MC242		brown algae	HKCCA5983	27.0	LuoLab	Chu Xiao	27.0	97.29694886119466	2.874102154828412			submerged
GNM013034025	MC245		brown algae	HKCCA5693	28.0	LuoLab	Chu Xiao	28.0	97.29694886119466	2.874102154828412			submerged
BC7	MC16	MC16	coral	9	28.0		Xie Mei	28.0	96.92450938260994	2.126895450917797			
GNM013034105	MC16		brown algae	HKCCA5505	30.0	LuoLab	Chu Xiao	30.0	96.92450938260994	2.1618116520351154			submerged
GNM4696	MC16	MC16	coral	HKCCD7298	29.0	LuoLab	Luo Danli	29.0	97.83233061166024	9.676454830086117			
GNM013034045	MC16		brown algae	HKCCA5511	31.0	LuoLab	Chu Xiao	31.0	96.92450938260994	2.1618116520351154			submerged
GNM6466	MC16	MC16	coral	HKCCD8504	26.0	LuoLab	Luo Danli	26.0	96.92450938260994	2.3131151902101625			
GNM3860	MC28	MC28	coral	HKCCD7251	20.0	LuoLab	Luo Danli	20.0	98.1349376880103	2.853595814489669			
GNM3867	MC28	MC28	coral	HKCCD7239	20.0	LuoLab	Luo Danli	20.0	98.1349376880103	2.853595814489669			
GNM013034565	MC28		brown algae	HKCCA5491	25.0	LuoLab	Chu Xiao	25.0	97.99315675013996	2.915669060920458			submerged
GNM4300	MC28	MC28	coral	HKCCD7221	28.0	LuoLab	Luo Danli	28.0	97.88043737764409	2.9622239957435483			
GNM013034595	MC28		brown algae	HKCCA4707	29.0	LuoLab	Chu Xiao	29.0	97.88043737764409	3.27259022789749			submerged
GNM013034585	MC28		brown algae	HKCCA5426	35.0	LuoLab	Chu Xiao	35.0	97.7225939795772	2.180101090715616			submerged
GNM903914075	MC231		non marine	Ruegeria sp. THAF57	20.0	Others	-	20.0	98.7556701523182	5.606544293695133			Unknown
CJ2	MC49	MC49	coral	A2M-31	36.0		Xie Mei	36.0	98.87981664517976	1.8355945730247405			
AP5	MC49	MC49	coral	A2M-50	38.0		Xie Mei	38.0	98.87981664517976	1.8355945730247405			
AP2	MC49	MC49	coral	A2M-40	37.0		Xie Mei	37.0	98.87981664517976	1.8355945730247405			
AO5	MC49	MC49	coral	A2M-28	102.0		Xie Mei	102.0	98.87981664517976	2.184756584197925			
AP4	MC49	MC49	coral	A2M-49	37.0		Xie Mei	37.0	98.87981664517976	1.8355945730247405			
AO6	MC49	MC49	coral	A2M-29	84.0		Xie Mei	84.0	98.87981664517976	2.2080340516094705			
AO11	MC49	MC49	coral	A2M-37	246.0		Xie Mei	246.0	98.87981664517976	4.248053038720143			
GNM526588001445	MC226		brown algae	HKCCC1068	25.0		Chu Xiao	25.0	97.14564532301962	1.9380154296355407			submerged
GNM526588002494	MC226		brown algae	HKCCC1070	19.0		Chu Xiao	19.0	97.14564532301962	2.077680234104815			submerged
GNM526588002452	MC247		brown algae	HKCCA5723	34.0		Chu Xiao	34.0	97.14564532301962	1.882149507847832			submerged
BK1	MC21	MC21	coral	S173	4.0		Xie Mei	276.0	98.71687437329896	5.670263163279923			
AK7	MC21	MC21	coral	S181	45.0		Xie Mei	45.0	98.4375447643604	2.447580352608285			
AG4	MC21	MC21	coral	S166	36.0		Xie Mei	36.0	98.4375447643604	2.42218675179569			
AK6	MC21	MC21	coral	S174	38.0		Xie Mei	38.0	98.4375447643604	2.42218675179569			
J8	MC21	MC21	coral	S105	35.0		Xie Mei	35.0	98.4375447643604	2.1925157400017734			
F12	MC21	MC21	coral	B121	32.0		Xie Mei	32.0	98.19545910328031	1.9287044426709232			
GNM013034745	MC21		brown algae	HKCCC1251	29.0	LuoLab	Chu Xiao	29.0	98.4375447643604	2.518400283763412			submerged
N8	MC21	MC21	coral	Y723	33.0		Xie Mei	33.0	98.19545910328031	1.94732641660016			
GNM926926003750	MC21		marine ranching	YTSC186	39.0		Huang Yanyan	39.0	98.71687437329896	3.645029706482221			submerged
GNM926926003692	MC21		Enteromorpha	QDSC058	32.0		Huang Yanyan	32.0	98.5306546340066	2.7387603085927106			submerged
GNM926926003596	MC21		natural sea area	CDSA089	31.0		Huang Yanyan	31.0	98.5306546340066	2.9622239957435483			submerged
GNM3524	MC21	MC21	coral	HKCCD6438	27.0	LuoLab	Luo Danli	27.0	98.66100845151124	3.2632792409328726			
AB6	MC21	MC21	coral	M4-5	44.0		Xie Mei	44.0	98.3826764483189	2.415979427152611			
GNM013034685	MC21		brown algae	HKCCC1264	33.0	LuoLab	Chu Xiao	33.0	98.2629637587738	2.574266205551121			submerged
GNM013034825	MC35		brown algae	HKCCA6346	32.0	LuoLab	Chu Xiao	32.0	98.96128778112018	4.029883834353108			submerged
GNM4618	MC35	MC35	coral	HKCCD5879	38.0	LuoLab	Luo Danli	38.0	98.96128778112018	3.5643344861221955			
GNM013033355	MC35		brown algae	HKCCA6521	37.0	LuoLab	Chu Xiao	37.0	98.96128778112018	3.5643344861221955			submerged
GNM526588002481	MC35		brown algae	HKCCA6168	38.0		Chu Xiao	38.0	98.2925896263885	3.952292276314623			submerged
GNM526588001649	MC35		bare flat	HKCCSP364	31.0		Ren Minglei	31.0	98.40262856324308	3.896426354526913			intertidal
GNM526588000031	MC35		coral	1A07713	33.0		Shao Zongze	33.0	97.96247281582475	3.6946883036268514			
GNM526588001416	MC35		brown algae	HKCCA5431	23.0		Chu Xiao	23.0	98.9302511579048	3.896426354526913			submerged
GNM526588001398	MC35		brown algae	HKCCA4814	40.0		Chu Xiao	40.0	98.440718964462	3.936773964706926			submerged
GNM4727	MC35	MC35	coral	HKCCD7628	37.0		Luo Danli	37.0	98.58038376893126	3.657444355768378			
GNM926926003764	MC35		marine ranching	YTSC325	38.0		Huang Yanyan	38.0	98.58884830253544	4.169548638822382			submerged
GNM926926003696	MC35		Enteromorpha	QDSC130	48.0		Huang Yanyan	48.0	98.68195817218162	4.068679613372351			submerged
GNM526588003249	MC35		Spartina	SATB045	41.0		Song Zenglei	41.0	98.68195817218162	3.998847211137714			intertidal
GNM013033305	MC43		brown algae	HKCCA6666	34.0	LuoLab	Chu Xiao	34.0	98.96128778112018	4.105923561230824			submerged
GNM013033315	MC43		brown algae	HKCCA6670	31.0	LuoLab	Chu Xiao	31.0	98.96128778112018	4.105923561230824			submerged
GNM3881	MC43	MC43	coral	HKCCD6964	28.0	LuoLab	Luo Danli	28.0	98.96128778112018	4.385253170169372			
GNM013033285	MC43		brown algae	HKCCA6631	26.0	LuoLab	Chu Xiao	26.0	98.96128778112018	4.136960184446218			submerged
D3	MC43	MC43	coral	M5-29	53.0		Xie Mei	53.0	98.96128778112018	3.728828589163784			
GNM013034645	MC236		brown algae	HKCCC2121	37.0	LuoLab	Chu Xiao	37.0	98.96128778112018	3.570541810765275			submerged
FN12	MC43		Nan algae	Nan2	32.0		Xiang Nan	32.0	99.24061739005872	3.617096745588366	Nan algae		submerged
AM7	MC45	MC45	coral	A2T-1	4.0		Xie Mei	33.0	99.01715370290786	6.466258756761549			
AM12	MC45	MC45	coral	A2T-8	38.0		Xie Mei	38.0	98.73782409396932	3.3184289329540726			
AN4	MC45	MC45	coral	A2T-22	42.0		Xie Mei	42.0	98.73782409396932	3.3184289329540726			
AN2	MC45	MC45	coral	A2T-18	43.0		Xie Mei	43.0	98.73782409396932	3.3184289329540726			
AM11	MC45	MC45	coral	A2T-7	45.0		Xie Mei	45.0	98.73782409396932	3.3184289329540726			
AN5	MC45	MC45	coral	A2T-23	44.0		Xie Mei	44.0	98.73782409396932	3.3184289329540726			
AL8	MC45	MC45	coral	A2S-3	52.0		Xie Mei	52.0	99.01715370290786	3.002571605923561			
AN3	MC45	MC45	coral	A2T-20	53.0		Xie Mei	53.0	98.73782409396932	3.3649838677771635			
GNM017743795	MC228		coral	Ruegeria sp. R8_2	22.0	Others	-	22.0	98.612125769947	3.337767136649818			
GNM017743815	MC228		coral	Ruegeria sp. R8_1	32.0	Others	-	32.0	98.612125769947	3.337767136649818			
G5	MC141	MC141	coral	B334	23.0		Xie Mei	23.0	98.71687437329896	2.1925157400017734			
BG12	MC55	MC55	coral	A40	109.0		Xie Mei	109.0	98.77274029508663	5.912255032366764			
BG8	MC55	MC55	coral	A33	35.0		Xie Mei	35.0	98.77274029508663	4.119890041677751			
CH10	MC33	MC33	coral	B153	17.0		Xie Mei	17.0	97.2098742806104	2.618587185626292			
BE1	MC33	MC33	coral	B147	14.0		Xie Mei	14.0	96.93054467167184	2.897916794564839			
FO1	MC290		Nan algae	Nan3	41.0		Xiang Nan	41.0	96.616298861616	3.070170053410277	Nan algae		submerged
GNM526588001509	MC223		bare flat	HKCCSP316	31.0		Ren Minglei	31.0	97.6088669245094	2.339939700274896			intertidal
GNM526588001040	MC223		mangrove	HKCCE3750	46.0		Zhou Zhichao	46.0	97.78344793009596	3.208965150305932			intertidal
GNM526588001023	MC223		mangrove	HKCCE3320	48.0		Zhou Zhichao	48.0	98.0278613379172	2.876873281901215			intertidal
AB10	MC4	MC4	coral	26	36.0		Xie Mei	36.0	98.32814066752614	1.1802443366689177			
GNM4638	MC4	MC4	coral	HKCCD6438-2	27.0	LuoLab	Luo Danli	27.0	98.39797306976078	1.1802443366689177			
GNM4302	MC4	MC4	coral	HKCCD7232	31.0	LuoLab	Luo Danli	31.0	98.39797306976078	1.9967462704892869			
GNM4694	MC4	MC4	coral	HKCCD7266	30.0	LuoLab	Luo Danli	30.0	98.39797306976078	1.9967462704892869			
GNM4687	MC4	MC4	coral	HKCCD7223	31.0	LuoLab	Luo Danli	31.0	98.39797306976078	1.9967462704892869			
AM9	MC69	MC69	coral	A2T-4	74.0		Xie Mei	74.0	97.8178269588884	0.9143440358524156			
CG11	MC121	MC121	coral	CG11	80.0		Luo Danli	80.0	97.97145824380462	3.4632267174166613			
FO3	MC291		coral	Nan5	85.0		Xiang Nan	85.0	97.53849734994984	3.273425829291752			
GNM6471	MC31	MC31	coral	HKCCD9148	31.0	LuoLab	Luo Danli	31.0	97.94751570589558	3.0116438496326765			
GNM6449	MC31	MC31	coral	HKCCD9151	33.0	LuoLab	Luo Danli	33.0	97.56343749360508	3.104753719278859			
CE10	MC41	MC41	coral	CE10	38.0		Luo Danli	38.0	98.3514181349377	2.858012564716476			
GNM6426	MC41	MC41	coral	HKCCD9208	33.0	LuoLab	Luo Danli	33.0	98.535521740829	3.4632267174166613			
GNM6407	MC41	MC41	coral	HKCCD7583	43.0	LuoLab	Luo Danli	43.0	98.65868070477008	3.2519389362964786			
GNM926926003752	MC235		marine ranching	YTSC199	78.0		Huang Yanyan	78.0	98.24899727832688	5.593430467732143			submerged
AD11	MC18	MC18	coral	Y335	179.0		Xie Mei	179.0	97.96035668242372	5.587787445329345			
FM7	MC18		oyster	oyster31	56.0		Xie Mei	56.0	98.1419209282338	5.030337446538564			subtidal
BF4	MC18	MC18	coral	Y497	61.0		Xie Mei	61.0	98.03018908465836	4.287249063785377			
BF7	MC18	MC18	coral	Y774	62.0		Xie Mei	62.0	98.03018908465836	4.287249063785377			
BF6	MC18	MC18	coral	Y743	57.0		Xie Mei	57.0	98.07208852599916	4.423332719422104			
GNM3540	MC104	MC104	coral	HKCCD6430	82.0	LuoLab	Luo Danli	82.0	98.58773985170632	5.929086431879727			
CH8	MC71	MC71	coral	M7-91	89.0		Xie Mei	89.0	98.45915955552827	4.64459655800438			
GNM526588000028	MC246		coral	1A07695	19.0		Shao Zongze	19.0	98.21354390488467	3.146653160619641			
BE9	MC131	MC131	coral	S118	24.0		Xie Mei	24.0	98.15767798309696	3.658757443673645			
GNM526588000024	MC241		coral	1A06881	19.0		Shao Zongze	19.0	98.28337630711933	3.5656475740274622			
FP8	MC292		mussel	CN-4	23.0		Xie Mei	23.0	98.21354390488467	4.082407350563775			intertidal
GNM526588000094	MC227		brown algae	HKCCA0518	26.0		Chu Xiao	26.0	98.00013999036344	2.634548877565637			submerged
FP12	MC227		mussel	CS-8	51.0		Xie Mei	51.0	98.00013999036344	3.4705424928888617			subtidal
GNM526588002495	MC227		brown algae	HKCCC1090	29.0		Chu Xiao	29.0	98.00013999036344	2.634548877565637			submerged
GNM526588002531	MC130		brown algae	HKCCA5784	24.0		Chu Xiao	24.0	96.4100773528148	2.594440010641128			submerged
BC1	MC130	MC130	coral	M5-25	30.0		Xie Mei	30.0	96.59862483884832	3.4583665868582067			
GNM926926003708	MC120		marine ranching	YTSA069	33.0		Huang Yanyan	33.0	98.92404383326172	2.120688126274718			submerged
GNM926926003593	MC120		natural sea area	CDSA077	34.0		Huang Yanyan	34.0	98.61367760110778	2.764698057994148			submerged
GNM926926003637	MC120		natural sea area	CDSB042	24.0		Huang Yanyan	24.0	98.85421143102708	2.5784783187017823			submerged
GNM926926003718	MC120		marine ranching	YTSA110	49.0		Huang Yanyan	49.0	98.58828400029518	2.4465726700363573			submerged
GNM926926003598	MC120		natural sea area	CDSA110	34.0		Huang Yanyan	34.0	98.58828400029518	2.027578256628536			submerged
GNM926926003743	MC120		marine ranching	YTSB070	38.0		Huang Yanyan	38.0	98.58828400029518	2.5489935266471577			submerged
GNM926926003661	MC120		natural sea area	CDSC052	30.0		Huang Yanyan	30.0	98.58828400029518	2.027578256628536			submerged
GNM926926003628	MC120		natural sea area	CDSA255	40.0		Huang Yanyan	40.0	98.58828400029518	2.16724306109781			submerged
GNM926926003640	MC120		natural sea area	CDSB100	53.0		Huang Yanyan	53.0	98.61367760110778	1.8879134521592624			submerged
GNM926926003674	MC120		natural sea area	CDSC091	56.0		Huang Yanyan	56.0	98.61367760110778	2.16724306109781			submerged
GNM926926003603	MC120		natural sea area	CDSA129	56.0		Huang Yanyan	56.0	98.61367760110778	2.16724306109781			submerged
GNM926926003670	MC120		natural sea area	CDSC075	55.0		Huang Yanyan	55.0	98.61367760110778	2.16724306109781			submerged
GNM926926003701	MC120		marine ranching	YTSA038	53.0		Huang Yanyan	53.0	98.61367760110778	2.16724306109781			submerged
GNM926926003712	MC120		marine ranching	YTSA081	55.0		Huang Yanyan	55.0	98.61367760110778	2.16724306109781			submerged
GNM926926003620	MC120		natural sea area	CDSA223	47.0		Huang Yanyan	47.0	98.61367760110778	2.306907865567084			submerged
GNM926926003702	MC120		marine ranching	YTSA046	36.0		Huang Yanyan	36.0	98.61932062351056	2.16724306109781			submerged
GNM926926003744	MC120		marine ranching	YTSB078	36.0		Huang Yanyan	36.0	98.54948822127594	2.16724306109781			submerged
GNM926926003722	MC120		marine ranching	YTSA140	35.0		Huang Yanyan	35.0	98.61932062351056	1.8879134521592624			submerged
GNM926926003720	MC120		marine ranching	YTSA121	37.0		Huang Yanyan	37.0	98.61932062351056	1.8879134521592624			submerged
GNM926926003719	MC120		marine ranching	YTSA117	34.0		Huang Yanyan	34.0	98.61932062351056	1.8879134521592624			submerged
GNM926926003717	MC120		marine ranching	YTSA108	34.0		Huang Yanyan	34.0	98.61932062351056	1.8879134521592624			submerged
GNM926926003729	MC120		marine ranching	YTSA177	37.0		Huang Yanyan	37.0	98.61932062351056	1.8879134521592624			submerged
GNM926926003758	MC120		marine ranching	YTSC282	34.0		Huang Yanyan	34.0	98.61932062351056	2.16724306109781			submerged
GNM926926003759	MC120		marine ranching	YTSC296	38.0		Huang Yanyan	38.0	98.61932062351056	1.9810233218054445			submerged
GNM926926003731	MC120		marine ranching	YTSA196	42.0		Huang Yanyan	42.0	98.61932062351056	1.8879134521592624			submerged
GNM926926003733	MC120		marine ranching	YTSA212	39.0		Huang Yanyan	39.0	98.61932062351056	1.8879134521592624			submerged
GNM926926003703	MC120		marine ranching	YTSA047	43.0		Huang Yanyan	43.0	98.61932062351056	2.306907865567084			submerged
GNM926926003735	MC120		marine ranching	YTSA221	42.0		Huang Yanyan	42.0	98.61932062351056	2.2051611075600563			submerged
GNM926926003666	MC120		natural sea area	CDSC064	36.0		Huang Yanyan	36.0	98.58828400029518	2.16724306109781			submerged
GNM926926003648	MC120		natural sea area	CDSB145	43.0		Huang Yanyan	43.0	98.58828400029518	2.16724306109781			submerged
GNM926926003653	MC120		natural sea area	CDSC029	37.0		Huang Yanyan	37.0	98.58828400029518	2.16724306109781			submerged
GNM926926003654	MC120		natural sea area	CDSC030	41.0		Huang Yanyan	41.0	98.56500653288364	2.16724306109781			submerged
GNM926926003757	MC120		marine ranching	YTSC273	40.0		Huang Yanyan	40.0	98.56679710729988	2.80504566817416			submerged
GNM926926003614	MC120		natural sea area	CDSA189	35.0		Huang Yanyan	35.0	98.58828400029518	2.16724306109781			submerged
GNM926926003613	MC120		natural sea area	CDSA177	36.0		Huang Yanyan	36.0	98.58828400029518	2.16724306109781			submerged
GNM926926003629	MC120		natural sea area	CDSA257	38.0		Huang Yanyan	38.0	98.58828400029518	2.16724306109781			submerged
GNM926926003622	MC120		natural sea area	CDSA231	35.0		Huang Yanyan	35.0	98.58828400029518	2.16724306109781			submerged
GNM926926003623	MC120		natural sea area	CDSA232	45.0		Huang Yanyan	45.0	98.58828400029518	1.8879134521592624			submerged
GNM926926003626	MC120		natural sea area	CDSA242	34.0		Huang Yanyan	34.0	98.58828400029518	2.16724306109781			submerged
GNM926926003600	MC120		natural sea area	CDSA113	34.0		Huang Yanyan	34.0	98.58828400029518	2.16724306109781			submerged
GNM926926003605	MC120		natural sea area	CDSA134	48.0		Huang Yanyan	48.0	98.61932062351056	2.5396825396825395			submerged
GNM926926003767	MC120		marine ranching	YTSC331	40.0		Huang Yanyan	40.0	98.33999101457202	2.400017735213266			submerged
GNM926926003616	MC120		natural sea area	CDSA195	49.0		Huang Yanyan	49.0	98.33999101457202	2.260352930743992			submerged
GNM926926003737	MC120		marine ranching	YTSA226	37.0		Huang Yanyan	37.0	98.33999101457202	2.400017735213266			submerged
GNM926926003647	MC120		natural sea area	CDSB139	50.0		Huang Yanyan	50.0	98.61932062351056	2.5396825396825395			submerged
GNM926926003659	MC120		natural sea area	CDSC046	41.0		Huang Yanyan	41.0	98.33999101457202	1.9499866985900505			submerged
GNM926926003633	MC120		natural sea area	CDSB022	39.0		Huang Yanyan	39.0	98.58828400029518	2.6327924093287223			submerged
GNM926926003604	MC120		natural sea area	CDSA133	40.0		Huang Yanyan	40.0	98.58828400029518	2.306907865567084			submerged
GNM926926003761	MC120		marine ranching	YTSC320	43.0		Huang Yanyan	43.0	98.67518654529827	2.2370754633324466			submerged
GNM926926003725	MC120		marine ranching	YTSA155	36.0		Huang Yanyan	36.0	98.61932062351056	2.5164050722709943			submerged
GNM926926003707	MC120		marine ranching	YTSA068	37.0		Huang Yanyan	37.0	98.33999101457202	2.4776092932517515			submerged
GNM926926003705	MC120		marine ranching	YTSA063	37.0		Huang Yanyan	37.0	98.33999101457202	2.4776092932517515			submerged
GNM926926003738	MC120		marine ranching	YTSB028	40.0		Huang Yanyan	40.0	98.61932062351056	2.4776092932517515			submerged
GNM926926003727	MC120		marine ranching	YTSA167	34.0		Huang Yanyan	34.0	98.61932062351056	2.4776092932517515			submerged
GNM926926003726	MC120		marine ranching	YTSA164	37.0		Huang Yanyan	37.0	98.61932062351056	2.4776092932517515			submerged
GNM926926003607	MC120		natural sea area	CDSA137	36.0		Huang Yanyan	36.0	98.61932062351056	2.4776092932517515			submerged
GNM926926003678	MC120		natural sea area	CDSC105	38.0		Huang Yanyan	38.0	98.61932062351056	2.725902278974905			submerged
GNM926926003677	MC120		natural sea area	CDSC100	37.0		Huang Yanyan	37.0	98.61932062351056	2.16724306109781			submerged
GNM926926003590	MC120		natural sea area	CDSA027	38.0		Huang Yanyan	38.0	98.61932062351056	2.16724306109781			submerged
GNM926926003644	MC120		natural sea area	CDSB120	36.0		Huang Yanyan	36.0	98.61932062351056	2.16724306109781			submerged
GNM900182615	MC120	MC120	coral	Ruegeria faecimaris DSM 28009	38.0	Others	-	38.0	98.61932062351056	2.16724306109781			
GNM926926003755	MC120		marine ranching	YTSC223	42.0		Huang Yanyan	42.0	98.67518654529827	2.16724306109781			submerged
GNM926926003741	MC120		marine ranching	YTSB050	38.0		Huang Yanyan	38.0	98.61932062351056	2.4465726700363573			submerged
GNM926926003730	MC120		marine ranching	YTSA179	38.0		Huang Yanyan	38.0	98.61367760110778	2.4465726700363573			submerged
GNM926926003675	MC120		natural sea area	CDSC094	39.0		Huang Yanyan	39.0	98.58828400029518	2.4465726700363573			submerged
GNM926926003739	MC120		marine ranching	YTSB038	38.0		Huang Yanyan	38.0	98.61932062351056	2.486476899884721			submerged
GNM926926003740	MC120		marine ranching	YTSB047	37.0		Huang Yanyan	37.0	98.8637340313318	2.819012148621087			submerged
GNM926926003715	MC120		marine ranching	YTSA105	34.0		Huang Yanyan	34.0	98.61932062351056	1.9810233218054445			submerged
GNM926926003652	MC120		natural sea area	CDSC025	36.0		Huang Yanyan	36.0	98.61932062351056	2.260352930743992			submerged
GNM926926003734	MC120		marine ranching	YTSA219	35.0		Huang Yanyan	35.0	98.61932062351056	1.9810233218054445			submerged
GNM926926003611	MC120		natural sea area	CDSA152	29.0		Huang Yanyan	29.0	98.61932062351056	2.260352930743992			submerged
GNM926926003651	MC120		natural sea area	CDSC021	26.0		Huang Yanyan	26.0	98.61932062351056	2.260352930743992			submerged
GNM926926003612	MC120		natural sea area	CDSA172	27.0		Huang Yanyan	27.0	98.61932062351056	2.260352930743992			submerged
GNM926926003625	MC120		natural sea area	CDSA241	44.0		Huang Yanyan	44.0	98.6891530257452	1.848009222310898			submerged
GNM926926003642	MC120		natural sea area	CDSB114	24.0		Huang Yanyan	24.0	98.85421143102708	2.6715881883479646			submerged
GNM926926003588	MC120		natural sea area	CDSA020	26.0		Huang Yanyan	26.0	98.64471422432317	1.8103218941207768			submerged
GNM926926003672	MC120		natural sea area	CDSC081	22.0		Huang Yanyan	22.0	98.55160435467698	1.8103218941207768			submerged
GNM926926003619	MC120		natural sea area	CDSA221	42.0		Huang Yanyan	42.0	98.44671882504616	2.159483905293961			submerged
GNM926926003634	MC120		natural sea area	CDSB024	41.0		Huang Yanyan	41.0	98.61932062351056	2.952026248115634			submerged
GNM926926003587	MC120		natural sea area	CDSA018	40.0		Huang Yanyan	40.0	98.61932062351056	2.486476899884721			submerged
GNM926926003656	MC120		natural sea area	CDSC037	31.0		Huang Yanyan	31.0	98.8262784701332	3.1836924714019688			submerged
GNM926926003658	MC120		natural sea area	CDSC045	29.0		Huang Yanyan	29.0	98.8327245380318	3.1836924714019688			submerged
GNM926926003599	MC120		natural sea area	CDSA112	25.0		Huang Yanyan	25.0	98.49362229948824	2.415536046820963			submerged
GNM926926003657	MC120		natural sea area	CDSC042	24.0		Huang Yanyan	24.0	98.49362229948824	2.415536046820963			submerged
GNM926926003671	MC120		natural sea area	CDSC079	19.0		Huang Yanyan	19.0	98.37004010886692	1.9965416334131416			submerged
GNM926926003610	MC120		natural sea area	CDSA144	26.0		Huang Yanyan	26.0	98.2629637587738	1.9965416334131416			submerged
GNM926926003615	MC120		natural sea area	CDSA193	20.0		Huang Yanyan	20.0	98.77506804182782	2.299148709763235			submerged
GNM926926003655	MC120		natural sea area	CDSC033	21.0		Huang Yanyan	21.0	98.77506804182782	2.299148709763235			submerged
GNM926926003606	MC120		natural sea area	CDSA136	20.0		Huang Yanyan	20.0	98.77506804182782	2.019819100824688			submerged
GNM926926003660	MC120		natural sea area	CDSC051	22.0		Huang Yanyan	22.0	98.57488182208851	2.4077768910171145			submerged
GNM926926003624	MC120		natural sea area	CDSA236	27.0		Huang Yanyan	27.0	98.55160435467698	2.159483905293961			submerged
GNM926926003694	MC120		Enteromorpha	QDSC072	44.0		Huang Yanyan	44.0	98.51901590030084	3.3699122106943333			submerged
GNM000743705	MC80	MC80	coral	Ruegeria halocynthiae MOLA R1/13b	19.0	Others	-	19.0	98.09614190899109	3.2013935784885503			
GNM013377785	MC230		Haliotis rubra	Rhodobacteraceae bacterium B1Z28	148.0	Others	-	148.0	98.1209712075634	4.737075463332447		Haliotis rubra	Unknown
GNM900313035	MC136	MC136	coral	Ruegeria sp. EL01	49.0	Others	-	49.0	97.90724173405738	4.617362773787355			
CK2	MC62	MC62	coral	F2M-16	82.0		Xie Mei	82.0	98.19080360979802	4.545961487302269			
CJ12	MC62	MC62	coral	F2M-6	82.0		Xie Mei	82.0	98.19080360979802	4.545961487302269			
FN11	MC293		Nan algae	Nan1	31.0		Xiang Nan	31.0	98.31650193382038	3.1484437350359142	Nan algae		submerged
GNM900172215	MC139	MC139	coral	Ruegeria meonggei CECT 8411	33.0	Others	-	33.0	97.39915810446536	2.3691857490740174			
GNM4617	MC126	MC126	coral	HKCCD5876	54.0	LuoLab	Luo Danli	54.0	97.99527288354103	6.900771481777068			
GNM3503	MC151	MC151	coral	HKCCD5857	106.0	LuoLab	Luo Danli	106.0	97.89750752041256	5.11439212556531			
BG10	MC152	MC152	coral	A35	14.0		Xie Mei	14.0	98.71221887981665	4.042298483639265			
GNM926926003632	MC222		natural sea area	CDSB013	41.0		Huang Yanyan	41.0	98.16541000898545	5.251174957878869			submerged
GNM926926003663	MC222		natural sea area	CDSC054	42.0		Huang Yanyan	42.0	98.16541000898545	5.018400283763412			submerged
GNM926926003641	MC238		natural sea area	CDSB113	41.0		Huang Yanyan	41.0	98.16541000898545	4.184828207174576			submerged
GNM003318255	MC146	MC146	coral	Ruegeria sp. A3M17	40.0	Others	-	40.0	98.07230013933923	3.672723924120572			
GNM926926003591	MC250		natural sea area	CDSA033	59.0		Huang Yanyan	59.0	98.15144352853852	3.784251130619846			submerged
GNM926926003756	MC224		marine ranching	YTSC230	28.0		Huang Yanyan	28.0	98.13437338577005	4.5218143123171055			submerged
GNM926926003638	MC224		natural sea area	CDSB086	29.0		Huang Yanyan	29.0	98.16541000898545	3.587134467022735			submerged
GNM926926003592	MC224		natural sea area	CDSA034	37.0		Huang Yanyan	37.0	98.16541000898545	4.194139194139194			submerged
GNM926926003669	MC224		natural sea area	CDSC068	27.0		Huang Yanyan	27.0	98.11288649277476	3.775144780731373			submerged
GNM926926003649	MC224		natural sea area	CDSC002	34.0		Huang Yanyan	34.0	98.16541000898545	4.543301205312379			submerged
GNM926926003650	MC224		natural sea area	CDSC015	39.0		Huang Yanyan	39.0	98.16541000898545	4.263971596373831			submerged
GNM926926003763	MC224		marine ranching	YTSC324	38.0		Huang Yanyan	38.0	97.88608040004688	3.730380420324554			submerged
FN8	MC221		mussel	mussel2-73	50.0		Xie Mei	50.0	98.16541000898545	3.123614436463599			subtidal
GNM926926003709	MC221		marine ranching	YTSA072	38.0		Huang Yanyan	38.0	98.16541000898545	3.123614436463599			submerged
GNM926926003645	MC221		natural sea area	CDSB122	59.0		Huang Yanyan	59.0	98.22127593077312	2.704620023055777			submerged
GNM926926003595	MC221		natural sea area	CDSA080	57.0		Huang Yanyan	57.0	98.22127593077312	2.704620023055777			submerged
GNM926926003700	MC221		marine ranching	YTSA025	53.0		Huang Yanyan	53.0	98.22127593077312	2.704620023055777			submerged
GNM001458195	MC81	MC81	coral	Ruegeria atlantica CECT 4292	75.0	Others	-	75.0	96.89446028831505	3.2260352930743994			
GNM900312795	MC294		coral	Ruegeria sp. AU67	44.0	Others	-	44.0	98.01356929848548	3.030504566817416			
GNM2606217183	MC294		coral	Ruegeria sp. AU67	44.0			44.0	98.03505619148078	3.030504566817416			
GNM001458095	MC143	MC143	coral	Ruegeria atlantica CECT 4293	67.0	Others	-	67.0	96.665803935357	4.110579054713132			
GNM926926003676	MC82		natural sea area	CDSC095	134.0		Huang Yanyan	134.0	97.14331757627848	4.349561053471668			submerged
GNM900143525	MC82	MC82	coral	Ruegeria sp. Alg231-54	35.0	Others	-	35.0	97.14331757627848	4.861665336525672			
GNM926926003643	MC222		natural sea area	CDSB117	70.0		Huang Yanyan	70.0	98.44473961792396	5.383080606544294			submerged
GNM926926003748	MC222		marine ranching	YTSC004	42.0		Huang Yanyan	42.0	98.22127593077312	4.250243859182406			submerged
GNM926926003627	MC222		natural sea area	CDSA246	58.0		Huang Yanyan	58.0	98.22127593077312	4.281280482397801			submerged
GNM926926003747	MC222		marine ranching	YTSC003	39.0		Huang Yanyan	39.0	98.22127593077312	4.343353728828589			submerged
GNM926926003635	MC222		natural sea area	CDSB029	59.0		Huang Yanyan	59.0	98.33766326783086	4.958748576067013			submerged
GNM526588000026	MC249		coral	1A07693	30.0		Shao Zongze	30.0	98.07409071375552	3.837456770417664			
BI12	MC32	MC32	coral	M3-100	10.0		Xie Mei	10.0	98.1768371293511	3.768732819012148			
GNM4289	MC32	MC32	coral	HKCCD6212	32.0	LuoLab	Luo Danli	32.0	98.1209712075634	4.2668706216192245			
GNM526588000025	MC32		coral	1A07692	20.0		Shao Zongze	20.0	98.08605500644607	3.9764394512997865			
GNM013033965	MC244		brown algae	HKCCA5752	48.0	LuoLab	Chu Xiao	48.0	98.3304684142673	4.878292098962491			submerged
CE8	MC40	MC40	coral	CE8	34.0		Luo Danli	34.0	98.37490721568932	5.4511224343626585			
FP10	MC40		mussel	CN-12	44.0		Xie Mei	44.0	98.37490721568932	6.1124412521060565			intertidal
BF12	MC40	MC40	coral	Y932	45.0		Xie Mei	45.0	98.37490721568932	6.1124412521060565			
GNM526588000331	MC243		bare flat	KE40	68.0		Christian Voolstra	68.0	98.40030081650194	7.31511040170258			intertidal
GNM022347725	MC237		coral	Ofav3-42  	56.0	Others	-	56.0	98.0278613379172	6.287320686762028			
FM10	MC251		oyster	oyster40	31.0		Xie Mei	31.0	96.75437225716554	3.146653160619641			subtidal
FP4	MC251		mussel	TS-13	41.0		Xie Mei	41.0	96.75437225716554	3.300284445535842			subtidal
GNM013035315	MC251		brown algae	HKCCA4777	23.0	LuoLab	Chu Xiao	23.0	97.16447891028896	3.4865041848282075			submerged
GNM526588002476	MC248		brown algae	HKCCA5785	30.0		Chu Xiao	30.0	98.3770233490904	3.114064706243477			submerged
GNM526588002508	MC252		brown algae	HKCCC2151	34.0		Chu Xiao	34.0	98.3770233490904	3.3933943151820243			submerged
FM6	MC296		oyster	oyster29	22.0		Xie Mei	22.0	97.18987251110156	3.0209548365972947			subtidal
BC3	MC116	MC116	coral	M5-I-2	26.0		Xie Mei	26.0	98.3770233490904	3.714623365461354			
GNM526588002484	MC116		brown algae	HKCCA6376	24.0		Chu Xiao	24.0	98.09769374015184	3.3328728999120054			submerged
GNM013035045	MC116		brown algae	HKCCA6269	29.0	LuoLab	Chu Xiao	29.0	97.8183641312133	2.6485153580125647			submerged
GNM526588002446	MC229		brown algae	HKCCA5333	26.0		Chu Xiao	26.0	98.30719094685575	3.630619845703644			submerged
GNM526588001441	MC229		brown algae	HKCCC1013	25.0		Chu Xiao	25.0	98.30719094685575	3.630619845703644			submerged
GNM526588001401	MC232		brown algae	HKCCA4851	22.0		Chu Xiao	22.0	97.69986066075452	3.20717457588966			submerged
GNM017743975	MC253		coral	Ruegeria sp. R14_0	26.0	Others	-	26.0	98.47013321873658	4.463492745615651			
GNM526588001753	MC26		bare flat	HKCCSP401	27.0		Ren Minglei	27.0	99.58745165449076	2.892391593508912			intertidal
CG4	MC26	MC26	coral	CG4	31.0		Luo Danli	31.0	99.55253545337344	2.815908486299548			
GNM526588001048	MC26		mangrove	HKCCE3903	21.0		Zhou Zhichao	21.0	99.55253545337344	2.5509887381395764			intertidal
GNM526588001638	MC26		bare flat	HKCCSP360	20.0		Ren Minglei	20.0	99.2732058444349	2.839629334042742			intertidal
GNM526588001620	MC26		bare flat	HKCCSP347	49.0		Ren Minglei	49.0	99.60840137516116	3.0646448523543497			intertidal
D1	MC26	MC26	coral	M5-26	48.0		Xie Mei	48.0	99.2732058444349	2.7494014365522745			
D5	MC26	MC26	coral	M5-33	89.0		Xie Mei	89.0	98.12329895430452	2.6097366320830004			
AN11	MC26	MC26	coral	A2M-17	3.0		Xie Mei	158.0	98.55816436822025	3.7906801454287486			
GNM926926003742	MC26		marine ranching	YTSB060	54.0		Huang Yanyan	54.0	98.8374939771588	3.936552274541101			submerged
GNM4676	MC26	MC26	coral	HKCCD7176	39.0	LuoLab	Luo Danli	39.0	98.89335989894649	3.3889775649552183			
AE10	MC26	MC26	coral	Y407	85.0		Xie Mei	85.0	98.94922582073418	3.770728030504567			
GNM013035905	MC26		brown algae	HKCCA4698	35.0	LuoLab	Chu Xiao	35.0	98.89335989894649	3.618426886583311			submerged
GNM3544	MC26	MC26	coral	HKCCD6457	40.0	LuoLab	Luo Danli	40.0	98.89335989894649	3.27414205905826			
GNM013035945	MC26		brown algae	HKCCA4734	57.0	LuoLab	Chu Xiao	57.0	98.89335989894649	3.637270550678372			submerged
AM6	MC26	MC26	coral	A2S-19	156.0		Xie Mei	156.0	98.89335989894649	3.991625227658747			
GNM526588000141	MC26		bare flat	HKCCSA041	57.0		Jesse McNichol	57.0	98.57911408889062	3.732784905969264			intertidal
GNM526588001058	MC26		mangrove	HKCCE4114	49.0		Zhou Zhichao	49.0	98.57911408889062	2.9449321628092577			intertidal
GNM013035755	MC26		brown algae	HKCCA5443	40.0	LuoLab	Chu Xiao	40.0	98.57911408889062	3.1544293695131684			submerged
D4	MC26	MC26	coral	M5-31	55.0		Xie Mei	55.0	98.57911408889062	3.1544293695131684			
A1	MC26	MC26	coral	M2-4	85.0		Xie Mei	85.0	98.57911408889062	3.3034051609470607			
GNM526588003448	MC26		bare flat	SZCCYKE003	61.0		Huang Yanyan	61.0	98.61403029000792	3.9941917176554047			intertidal
GNM926926003617	MC26		natural sea area	CDSA196	65.0		Huang Yanyan	65.0	98.61403029000792	4.6459608051786825			submerged
GNM926926003621	MC26		natural sea area	CDSA228	63.0		Huang Yanyan	63.0	98.61403029000792	4.2735213265939525			submerged
GNM926926003630	MC26		natural sea area	CDSA258	56.0		Huang Yanyan	56.0	98.61403029000792	4.2735213265939525			submerged
GNM526588003432	MC26		bare flat	SZCCYKD087	77.0		Huang Yanyan	77.0	98.1601196754828	4.9020129467056845			intertidal
K7	MC26	MC26	coral	S171	52.0		Xie Mei	52.0	98.83516623041764	3.109647956016671			
GNM926926003636	MC26		natural sea area	CDSB032	71.0		Huang Yanyan	71.0	98.61403029000792	3.575197304247584			submerged
GNM926926003646	MC26		natural sea area	CDSB136	64.0		Huang Yanyan	64.0	98.61403029000792	2.9699831515473973			submerged
GNM526588001498	MC26		bare flat	HKCCSP297	52.0		Ren Minglei	52.0	99.2732058444349	3.3034051609470607			intertidal
GNM013035785	MC26		brown algae	HKCCA5371	51.0	LuoLab	Chu Xiao	51.0	99.2732058444349	3.20098430433626			submerged
BG6	MC26	MC36	coral	A27	58.0		Xie Mei	58.0	99.2732058444349	3.759643522213355			
GNM4291	MC26	MC36	coral	HKCCD6397	47.0	LuoLab	Luo Danli	47.0	99.20337344220026	3.349960095770152			
GNM526588001059	MC26		mangrove	HKCCE4124	59.0		Zhou Zhichao	59.0	99.20337344220026	3.349960095770152			intertidal
AB8	MC34	MC34	coral	M4-7	140.0		Xie Mei	140.0	99.3290717662226	3.516227720138335			
N11	MC34	MC34	coral	Y733	82.0		Xie Mei	82.0	99.2825168313995	3.288108539505188			
FN9	MC26		mussel	mussel2-76	37.0		Xie Mei	37.0	99.13354103996564	2.9389465283320035			intertidal
FG10	MC26		Halophila ovalis	ZJTAS010	115.0		Huang Yanyan	115.0	99.2732058444349	3.185465992728563			intertidal
GNM526588001660	MC288		bare flat	HKCCSP365	42.0		Ren Minglei	42.0	99.4827030511388	3.121840915137004			intertidal
GNM013035545	MC26		brown algae	HKCCA5913	34.0	LuoLab	Chu Xiao	34.0	99.2732058444349	2.4467943602021816			submerged
GNM4649	MC27	MC27	coral	HKCCD6647-2	23.0		Luo Danli	23.0	98.81717909650872	4.056264964086194			
GNM3559	MC27	MC27	coral	HKCCD6647	33.0		Luo Danli	33.0	98.53784948757016	4.149374833732376			
GNM4698	MC27	MC27	coral	HKCCD7312	30.0		Luo Danli	30.0	98.7822628953914	4.614924181963288			
GNM6322	MC27	MC27	coral	HKCCD9138	30.0		Luo Danli	30.0	98.50293328645284	4.12609736632083			
GNM3892	MC22	MC22	coral	HKCCD5871-2	23.0		Luo Danli	23.0	98.40262856324308	5.264902695070293			
GNM3538	MC22	MC22	coral	HKCCD6426	20.0		Luo Danli	20.0	98.40262856324308	5.54423230400884			
GNM4677	MC22	MC22	coral	HKCCD7181	37.0		Luo Danli	37.0	98.2489972783269	5.871907422186752			
CE12	MC89	MC89	coral	CE12	82.0		Luo Danli	82.0	99.2732058444349	5.460433421327275			
GNM6428	MC108	MC108	coral	HKCCD8929-2	26.0	LuoLab	Luo Danli	26.0	99.3290717662226	3.4676775738228254			
FK11	MC297		Zostera japonica	ZJTAS006	139.0		Huang Yanyan	139.0	99.55253545337344	1.6121308858739023			intertidal
FK10	MC297		Zostera japonica	ZJTAL018	131.0		Huang Yanyan	131.0	99.55253545337344	1.5777518570814657			intertidal
FM5	MC297		oyster	oyster28	74.0		Xie Mei	74.0	99.2732058444349	2.564716475331			subtidal
CH6	MC93	MC93	coral	M5-I-1	62.0		Xie Mei	62.0	98.99387623549636	3.4976057462090986			
GNM526588000029	MC272		coral	1A07696	124.0		Shao Zongze	124.0	98.7145466265578	2.732109603617984			
AM1	MC75	MC75	coral	A2S-11	44.0		Xie Mei	44.0	98.7960177624982	1.8619757027578256			
BG11	MC54	MC54	coral	A39	74.0		Xie Mei	74.0	98.18339714289436	2.838103584077951			
GNM6433	MC54	MC54	coral	HKCCD9203	33.0	LuoLab	Luo Danli	33.0	98.18339714289436	2.688658331116432			
GNM013033205	MC54		brown algae	HKCCA0208	37.0	LuoLab	Chu Xiao	37.0	98.18339714289436	2.9679879400549787			submerged
B8	MC50	MC50	coral	M3-52	43.0		Xie Mei	43.0	98.87981664517976	2.707280305045668			
B10	MC50	MC50	coral	M3-58	40.0		Xie Mei	40.0	98.87981664517976	2.707280305045668			
B9	MC50	MC50	coral	M3-57	42.0		Xie Mei	42.0	98.87981664517976	2.707280305045668			
GNM013033145	MC50		brown algae	HKCCA0310	29.0	LuoLab	Chu Xiao	29.0	98.87981664517976	2.707280305045668			submerged
GNM6420	MC50	MC50	coral	HKCCD9203-2	32.0	LuoLab	Luo Danli	32.0	98.87981664517976	2.707280305045668			
GNM526588002886	MC50		coral	HKCCA523	34.0		Luo Danli	34.0	98.86585016473283	2.6684845260264254			
GNM526588002938	MC50		bare flat	SZCCDBA523	34.0		Lin Xingqin	34.0	98.86585016473283	2.6684845260264254			intertidal
GNM526588002962	MC50		bare flat	SZCCDBDL0213	34.0		Lin Xingqin	34.0	98.86585016473283	2.6684845260264254			intertidal
GNM526588002889	MC50		coral	HKCCD10213	34.0		Luo Danli	34.0	98.86585016473283	2.6684845260264254			
GNM013034065	MC50		brown algae	HKCCA5689	40.0	LuoLab	Chu Xiao	40.0	98.86585016473283	2.637447902811032			submerged
GNM013034055	MC50		brown algae	HKCCA5681	35.0	LuoLab	Chu Xiao	35.0	98.93568256696749	2.637447902811032			submerged
C8	MC24	MC24	coral	M4-34	47.0		Xie Mei	47.0	99.13121329322446	2.777112707280305			
AI3	MC24	MC24	coral	M2-9	112.0		Xie Mei	112.0	99.13121329322446	3.3178351753770747			
GNM4292	MC24	MC24	coral	HKCCD6401	33.0	LuoLab	Luo Danli	33.0	99.13121329322446	2.870222576926487			
FP11	MC24		mussel	CS-7	44.0		Xie Mei	44.0	99.13121329322446	2.777112707280305			subtidal
GNM013034335	MC261		brown algae	HKCCA4742	35.0	LuoLab	Chu Xiao	35.0	99.10627314956923	2.241730956814756			submerged
GNM013034255	MC261		brown algae	HKCCA4748	32.0	LuoLab	Chu Xiao	32.0	99.1661294943418	2.521060565753303			submerged
GNM013033925	MC261		brown algae	HKCCA5917	38.0	LuoLab	Chu Xiao	38.0	99.0364407473346	2.241730956814756			submerged
GNM013033665	MC284		brown algae	HKCCA6158	43.0	LuoLab	Chu Xiao	43.0	98.94911187508954	3.5452691318613105			submerged
GNM013033955	MC278		brown algae	HKCCA5916	31.0	LuoLab	Chu Xiao	31.0	98.95663228763787	2.895616177739082			submerged
BG2	MC48	MC48	coral	A12	30.0		Xie Mei	30.0	98.95896003437905	3.5008303304392694			
BG3	MC48	MC48	coral	A13	28.0		Xie Mei	28.0	98.95896003437905	3.5008303304392694			
CL3	MC113	MC113	coral	F1T-36	37.0		Xie Mei	37.0	98.9351453946426	2.637447902811032			
GNM4699	MC37	MC37	coral	HKCCD7314	39.0	LuoLab	Luo Danli	39.0	98.9705987680848	2.0089562826992995			
GNM6390	MC37	MC37	coral	HKCCD9079	29.0	LuoLab	Luo Danli	29.0	98.67730267869932	2.753835239868759			
AO2	MC44	MC44	coral	A2M-20	34.0		Xie Mei	34.0	99.04043117031944	3.196107120688126			
AO10	MC44	MC44	coral	A2M-34	76.0		Xie Mei	76.0	99.04043117031944	3.196107120688126			
AP3	MC44	MC44	coral	A2M-47	39.0		Xie Mei	39.0	99.04043117031944	3.196107120688126			
AP1	MC44	MC44	coral	A2M-39	34.0		Xie Mei	34.0	99.04043117031944	3.196107120688126			
AO3	MC44	MC44	coral	A2M-22	34.0		Xie Mei	34.0	98.9705987680848	3.196107120688126			
AN12	MC44	MC44	coral	A2M-18	104.0		Xie Mei	104.0	99.04043117031944	3.36012373721871			
AO9	MC44	MC44	coral	A2M-33	54.0		Xie Mei	54.0	99.04043117031944	3.196107120688126			
AO1	MC44	MC44	coral	A2M-19	5.0		Xie Mei	33.0	99.04043117031944	4.569477697969318			
AO4	MC44	MC44	coral	A2M-27	36.0		Xie Mei	36.0	98.9705987680848	3.196107120688126			
AO12	MC44	MC44	coral	A2M-38	72.0		Xie Mei	72.0	99.04043117031944	2.9167775117495784			
AP6	MC44	MC44	coral	A2M-52	35.0		Xie Mei	35.0	99.04043117031944	3.196107120688126			
AO7	MC44	MC44	coral	A2M-30	48.0		Xie Mei	48.0	99.04043117031944	3.265939522922763			
AN8	MC44	MC44	coral	A1M-11	79.0		Xie Mei	79.0	99.04043117031944	3.084375277112707			
GNM6294	MC25	MC25	coral	HKCCD9198	30.0	LuoLab	Luo Danli	30.0	98.85188368428592	2.334840826460938			
GNM6460	MC25	MC25	coral	HKCCD9110	29.0	LuoLab	Luo Danli	29.0	98.78849734994988	2.2696639177086104			
BG9	MC25	MC25	coral	A34	43.0		Xie Mei	43.0	98.78849734994988	2.1486210871685736			
CJ1	MC25	MC25	coral	A2M-7	46.0		Xie Mei	46.0	98.78849734994988	2.660725370222577			
AL11	MC25	MC25	coral	A2S-8	102.0		Xie Mei	102.0	98.92816215441914	2.474505630930212			
AG1	MC64	MC64	coral	M5-34	39.0		Xie Mei	39.0	98.9915484887552	2.528819721557152			
D2	MC64	MC64	coral	M5-27	49.0		Xie Mei	49.0	98.9915484887552	2.458987319322515			
AB12	MC63	MC63	coral	38	63.0		Xie Mei	63.0	98.9915484887552	2.7150394608495168			
AF12	MC63	MC63	coral	47	106.0		Xie Mei	106.0	98.9915484887552	3.669415624722887			
CK3	MC78	MC78	coral	F2M-18	37.0		Xie Mei	37.0	98.77506804182782	2.893500044338033			
GNM017743995	MC264		coral	Ruegeria sp. R13_0	56.0	Others	-	56.0	98.01622260421144	5.422763146226834			
GNM013033155	MC30		brown algae	HKCCA0503	24.0	LuoLab	Chu Xiao	24.0	98.01389485747028	1.813425556442316			submerged
GNM6347	MC30	MC30	coral	HKCCD8715	28.0	LuoLab	Luo Danli	28.0	98.01389485747028	1.813425556442316			
GNM013034305	MC30		brown algae	HKCCA4785	33.0	LuoLab	Chu Xiao	33.0	98.01389485747028	1.813425556442316			submerged
GNM013034375	MC30		brown algae	HKCCA4709	38.0	LuoLab	Chu Xiao	38.0	98.0488110585876	1.585306375809169			submerged
GNM013034355	MC30		brown algae	HKCCA4710	40.0	LuoLab	Chu Xiao	40.0	98.0488110585876	1.585306375809169			submerged
GNM013034325	MC30		brown algae	HKCCA4717	30.0	LuoLab	Chu Xiao	30.0	98.0488110585876	1.585306375809169			submerged
GNM4639	MC30	MC30	coral	HKCCD6461	31.0	LuoLab	Luo Danli	31.0	98.15355966193955	1.7296266737607522			
GNM013033855	MC30		brown algae	HKCCC1047	41.0	LuoLab	Chu Xiao	41.0	98.12252303872414	1.6504832845614965			submerged
FP3	MC30		mussel	TS-10	50.0		Xie Mei	50.0	98.03896289929808	2.1807491081234094			subtidal
FP2	MC30		mussel	TS-7	37.0		Xie Mei	37.0	98.03896289929808	2.191833616414622			subtidal
FP7	MC30		mussel	CN-3	37.0		Xie Mei	37.0	98.00458387050566	2.8591210155455964			intertidal
GNM013033945	MC276		brown algae	HKCCA5816	37.0	LuoLab	Chu Xiao	37.0	98.20190517117892	1.409949454642192			submerged
GNM013034275	MC275		brown algae	HKCCA4749	55.0	LuoLab	Chu Xiao	55.0	97.97956548326248	1.2547663385652212			submerged
FO5	MC301		Nan algae	Nan7	136.0		Xiang Nan	136.0	97.67869932674402	3.445508557240401	Nan algae		submerged
GNM926926003754	MC262		marine ranching	YTSC213	28.0		Huang Yanyan	28.0	97.96966766938831	2.381395761284029			submerged
GNM926926003751	MC262		marine ranching	YTSC192	27.0		Huang Yanyan	27.0	97.96966766938831	2.381395761284029			submerged
AB5	MC105	MC105	coral	M4-2	93.0		Xie Mei	93.0	97.9111484418747	4.867190537581599			
GNM013033215	MC105		brown algae	HKCCA0065	44.0	LuoLab	Chu Xiao	44.0	98.05081324634398	5.309462418400965			submerged
GNM926926003728	MC255		marine ranching	YTSA168	36.0		Huang Yanyan	36.0	98.46103384511208	2.8019420058526205			submerged
GNM926926003710	MC255		marine ranching	YTSA074	39.0		Huang Yanyan	39.0	98.46103384511208	2.708832136206438			submerged
GNM926926003711	MC255		marine ranching	YTSA075	37.0		Huang Yanyan	37.0	98.46103384511208	2.708832136206438			submerged
AH7	MC19	MC19	coral	S5-184	27.0		Xie Mei	27.0	98.7147582398979	3.0303937217345043			
H3	MC19	MC19	coral	L158	42.0		Xie Mei	42.0	98.65832801586993	2.2572492684224525			
FO9	MC19		mussel	TN-3	33.0		Xie Mei	33.0	98.6837216166825	3.095238095238096			intertidal
AH2	MC19	MC19	coral	S5-155	99.0		Xie Mei	99.0	98.6837216166825	2.980966891581417			
I1	MC19	MC19	coral	S4-132	32.0		Xie Mei	32.0	98.6837216166825	2.5365788773610003			
H1	MC19	MC19	coral	L151	42.0		Xie Mei	42.0	98.6837216166825	1.9779196594839048			
H2	MC19	MC19	coral	L153	33.0		Xie Mei	33.0	98.6837216166825	1.9779196594839048			
H4	MC19	MC19	coral	L180	5.0		Xie Mei	7.0	98.32313248514367	3.0254056930034583			
FN7	MC302		mussel	mussel2-71	73.0		Xie Mei	73.0	98.91028896615488	3.374567704176642			subtidal
AH12	MC90	MC90	coral	S5-224	240.0		Xie Mei	240.0	98.76131317472098	4.421337507929687			
GNM013033575	MC263		brown algae	HKCCA6533	11.0	LuoLab	Chu Xiao	11.0	98.58905991587557	1.9918861399308323			submerged
GNM013033045	MC23		brown algae	HKCCA0209	19.0	LuoLab	Chu Xiao	19.0	98.61910901017046	1.596169193934557			submerged
FM3	MC23		oyster	oyster4	26.0		Xie Mei	26.0	99.22432316287066	3.328012769353552			subtidal
BG5	MC23	MC23	coral	A15	20.0		Xie Mei	20.0	99.22432316287066	3.039372173450386			
GNM3537	MC23	MC23	coral	HKCCD6421	15.0	LuoLab	Luo Danli	15.0	99.22432316287066	2.9462623038042035			
GNM013033555	MC23		brown algae	HKCCA6601	28.0	LuoLab	Chu Xiao	28.0	98.60979802320584	2.733183948267747			submerged
GNM013033545	MC23		brown algae	HKCCA6604	32.0	LuoLab	Chu Xiao	32.0	98.60979802320584	2.733183948267747			submerged
K5	MC23	MC23	coral	S169	34.0		Xie Mei	34.0	99.02879243661368	3.2023144453312047			
C12	MC23	MC23	coral	M5-14	26.0		Xie Mei	26.0	98.8891276321444	1.8951951214521048			
H7	MC23	MC23	coral	L210	25.0		Xie Mei	25.0	99.22432316287066	3.258180367118915			
P11	MC153	MC153	coral	Y925	37.0		Xie Mei	37.0	99.12190230625984	2.932295823357276			
N4	MC153	MC153	coral	Y567	35.0		Xie Mei	35.0	99.12190230625984	2.932295823357276			
AP12	MC23	MC23	coral	A2S-2	362.0		Xie Mei	362.0	99.12190230625984	5.067090456919573			
FO10	MC303		mussel	TN-6	36.0		Xie Mei	36.0	99.12190230625984	2.3643256185155623			intertidal
AD6	MC23	MC23	coral	M11-80	37.0		Xie Mei	37.0	98.64417705199828	1.852221335461559			
GNM013035465	MC286		brown algae	HKCCA6196	16.0	LuoLab	Chu Xiao	16.0	98.66566394499355	1.8754988028731048			submerged
GNM3491	MC57	MC57	coral	HKCCD4811	21.0	LuoLab	Luo Danli	21.0	99.22432316287066	3.002128225591912			
GNM3492	MC57	MC57	coral	HKCCD4871	21.0	LuoLab	Luo Danli	21.0	99.22432316287066	3.002128225591912			
FF11	MC7		Halophila ovalis	ZJTAL020	68.0		Huang Yanyan	68.0	98.2994589209673	1.813425556442316			intertidal
FG1	MC7		Halophila ovalis	ZJTAS019	233.0		Huang Yanyan	233.0	97.96426339024104	3.257702880607909			intertidal
FF7	MC7		Halophila ovalis	HOTBL026	84.0		Huang Yanyan	84.0	98.68142099985675	1.793473441518134			intertidal
FF12	MC7		Halophila ovalis	ZJTAS009	80.0		Huang Yanyan	80.0	98.68142099985675	1.793473441518134			intertidal
FL1	MC7		Zostera japonica	ZJTCS002	125.0		Huang Yanyan	125.0	98.68142099985675	1.989004167775117			intertidal
FH11	MC7		Zostera japonica	HODAS002	382.0		Huang Yanyan	382.0	98.98435363519164	23.62376500521423			intertidal
FH9	MC7		Zostera japonica	ZJTAS023	68.0		Huang Yanyan	68.0	98.8619977167463	1.793473441518134			intertidal
FI5	MC7		Zostera japonica	ZJTAS002	70.0		Huang Yanyan	70.0	98.89303433996172	1.793473441518134			intertidal
FH12	MC7		Zostera japonica	HOTBL014	158.0		Huang Yanyan	158.0	98.89303433996172	2.6827936185478083			intertidal
FI2	MC7		Zostera japonica	ZJDAS005	66.0		Huang Yanyan	66.0	98.89303433996172	1.5606987674026778			intertidal
FH7	MC7		Zostera japonica	ZJTAS001	65.0		Huang Yanyan	65.0	98.89303433996172	1.793473441518134			intertidal
FI4	MC7		Zostera japonica	ZJDCS009	713.0		Huang Yanyan	713.0	64.89982226303292	0.8379888268156425			intertidal
AF3	MC7	MC7	coral	Y448	6.0		Xie Mei	46.0	99.23232106193	5.055986843696341			
N10	MC7	MC7	coral	Y728	66.0		Xie Mei	66.0	99.40302248961468	3.2447781889122664			
AG10	MC7	MC7	coral	Y732	77.0		Xie Mei	77.0	99.40302248961468	3.888788120631697			
FH6	MC7		Zostera japonica	ZJDCS008	69.0		Huang Yanyan	69.0	98.89303433996172	1.5700097543672962			intertidal
AL2	MC7	MC7	coral	Y533	79.0		Xie Mei	79.0	98.89303433996172	1.793473441518134			
FK12	MC7		Zostera japonica	ZJTAS016	81.0		Huang Yanyan	81.0	98.7597179356956	1.6266515917353908			intertidal
FJ7	MC7		Zostera japonica	HODAS004	57.0		Huang Yanyan	57.0	98.6835371332578	1.5606987674026778			intertidal
FF6	MC7		Halophila ovalis	HODAS009	38.0		Huang Yanyan	38.0	98.6835371332578	1.2813691584641305			intertidal
M2	MC7	MC7	coral	Y89	63.0		Xie Mei	63.0	98.54387232878854	1.793473441518134			
AG7	MC7	MC7	coral	Y75	59.0		Xie Mei	59.0	98.54387232878854	1.793473441518134			
M6	MC7	MC7	coral	Y98	60.0		Xie Mei	60.0	98.54387232878854	1.793473441518134			
FF8	MC7		Halophila ovalis	ZJDAL009	67.0		Huang Yanyan	67.0	98.61370473102318	1.7003635718719516			intertidal
FG2	MC7		Halophila ovalis	AC02	99.0		Huang Yanyan	99.0	98.61370473102318	1.7003635718719516			intertidal
GNM526588003198	MC7		Spartina	CRTC009	68.0		Song Zenglei	68.0	99.70562956596476	2.294493216280926			intertidal
GNM526588003433	MC7		bare flat	SZCCYKD101	75.0		Huang Yanyan	75.0	99.70562956596476	2.853152434158021			intertidal
GNM526588003459	MC7		bare flat	SZCCYKE120	73.0		Huang Yanyan	73.0	99.70562956596476	2.3055777245721383			intertidal
GNM526588003478	MC7		bare flat	SZCCYKF039	70.0		Huang Yanyan	70.0	99.7335625268586	2.7338831249445774			intertidal
GNM526588003497	MC7		bare flat	SZCCYKF131	82.0		Huang Yanyan	82.0	99.68414267296949	2.82699299459076			intertidal
GNM526588003482	MC7		bare flat	SZCCYKF052	70.0		Huang Yanyan	70.0	99.70562956596476	2.047735008628864			intertidal
GNM526588003487	MC7		bare flat	SZCCYKF082	76.0		Huang Yanyan	76.0	99.70562956596476	3.0952380952380945			intertidal
GNM526588003440	MC7		bare flat	SZCCYKD158	83.0		Huang Yanyan	83.0	99.70562956596476	3.0952380952380945			intertidal
GNM526588003493	MC7		bare flat	SZCCYKF116	73.0		Huang Yanyan	73.0	99.70562956596476	3.0952380952380945			intertidal
FG11	MC7		Halophila ovalis	ZJTAS020	213.0		Huang Yanyan	213.0	99.58148307310316	4.894927387944148			intertidal
FG9	MC7		Halophila ovalis	ZJTAL021	54.0		Huang Yanyan	54.0	99.58148307310316	1.7158818834796488			intertidal
FG8	MC7		Halophila ovalis	ZJDCS007	256.0		Huang Yanyan	256.0	96.17688332772131	1.1572226656025535			intertidal
AE3	MC7	MC7	coral	Y352	54.0		Xie Mei	54.0	99.58148307310316	1.7158818834796488			
GNM926926003765	MC7		marine ranching	YTSC326	55.0		Huang Yanyan	55.0	99.24008021773383	2.0883213620643786			submerged
GNM526588003284	MC7		Spartina	SAZD014	51.0		Song Zenglei	51.0	99.33319008738005	2.390928438414472			intertidal
GNM526588003505	MC7		Spartina	CRSB040	49.0		Song Zenglei	49.0	99.33319008738005	1.948656557595105			intertidal
GNM926926003662	MC7		natural sea area	CDSC053	57.0		Huang Yanyan	57.0	99.33319008738005	2.2279861665336527			submerged
GNM526588003209	MC7		Spartina	SASD055	52.0		Song Zenglei	52.0	99.33319008738005	1.948656557595105			intertidal
GNM926926003665	MC7		natural sea area	CDSC059	54.0		Huang Yanyan	54.0	99.33319008738005	2.2279861665336527			submerged
GNM526588003207	MC7		Spartina	SASD029	50.0		Song Zenglei	50.0	99.33319008738005	1.948656557595105			intertidal
GNM526588003555	MC7		Spartina	SAZC037	48.0		Song Zenglei	48.0	99.33319008738005	2.2978185687682893			intertidal
GNM526588003285	MC7		Spartina	TASD021	53.0		Song Zenglei	53.0	99.33319008738005	2.0045224793828145			intertidal
GNM526588003191	MC7		Spartina	CRSB010	51.0		Song Zenglei	51.0	99.33319008738005	1.948656557595105			intertidal
GNM526588003195	MC7		Spartina	CRTA018	54.0		Song Zenglei	54.0	99.33319008738005	2.2279861665336527			intertidal
GNM526588003491	MC7		bare flat	SZCCYKF102	51.0		Huang Yanyan	51.0	99.6125196963186	2.041766427241288			intertidal
GNM526588003471	MC7		bare flat	SZCCYKF023	49.0		Huang Yanyan	49.0	99.6125196963186	2.041766427241288			intertidal
GNM526588003217	MC7		Spartina	SATA032	46.0		Song Zenglei	46.0	98.73220820148194	1.7158818834796488			intertidal
GNM526588003214	MC7		Spartina	SATA019	47.0		Song Zenglei	47.0	98.73220820148194	1.7158818834796488			intertidal
GNM526588003224	MC7		Spartina	SATB048	43.0		Song Zenglei	43.0	98.73220820148194	1.7158818834796488			intertidal
GNM526588003213	MC7		Spartina	SATA016	44.0		Song Zenglei	44.0	98.73220820148194	1.7158818834796488			intertidal
GNM526588003222	MC7		Spartina	SATB004	45.0		Song Zenglei	45.0	98.73220820148194	1.7158818834796488			intertidal
GNM526588003230	MC7		Spartina	SAZB022	44.0		Song Zenglei	44.0	98.73220820148194	1.7158818834796488			intertidal
GNM526588003193	MC7		Spartina	CRSD009	44.0		Song Zenglei	44.0	98.73220820148194	1.7158818834796488			intertidal
GNM526588003564	MC7		Spartina	TASB007	43.0		Song Zenglei	43.0	98.73220820148194	2.051077414205906			intertidal
GNM526588003206	MC7		Spartina	SASC047	45.0		Song Zenglei	45.0	98.73220820148194	1.7158818834796488			intertidal
GNM526588003205	MC7		Spartina	SASB035	43.0		Song Zenglei	43.0	98.73220820148194	1.7158818834796488			intertidal
GNM526588003210	MC7		Spartina	SATA003	48.0		Song Zenglei	48.0	98.68142099985675	1.7158818834796488			intertidal
GNM526588003568	MC7		Spartina	TATD036	41.0		Song Zenglei	41.0	98.73220820148194	1.7158818834796488			intertidal
GNM526588003204	MC7		Spartina	SASB029	45.0		Song Zenglei	45.0	98.73220820148194	1.7158818834796488			intertidal
GNM526588003228	MC7		Spartina	SAZA042	44.0		Song Zenglei	44.0	98.73220820148194	1.7158818834796488			intertidal
GNM526588003225	MC7		Spartina	SATE026	44.0		Song Zenglei	44.0	98.73220820148194	1.7158818834796488			intertidal
GNM526588003523	MC7		Spartina	SASA064	43.0		Song Zenglei	43.0	98.73220820148194	1.7158818834796488			intertidal
GNM526588003238	MC7		Spartina	TATD030	46.0		Song Zenglei	46.0	98.73220820148194	1.7158818834796488			intertidal
GNM526588003208	MC7		Spartina	SASD047	46.0		Song Zenglei	46.0	98.73220820148194	1.7158818834796488			intertidal
GNM526588003561	MC7		Spartina	SAZE004	44.0		Song Zenglei	44.0	98.73220820148194	1.7158818834796488			intertidal
GNM526588003237	MC7		Spartina	TATD008	49.0		Song Zenglei	49.0	98.73220820148194	1.7158818834796488			intertidal
GNM526588003192	MC7		Spartina	CRSB064	48.0		Song Zenglei	48.0	98.73220820148194	1.7158818834796488			intertidal
GNM526588003211	MC7		Spartina	SATA006	47.0		Song Zenglei	47.0	98.73220820148194	1.7158818834796488			intertidal
GNM526588003236	MC7		Spartina	TATC033	53.0		Song Zenglei	53.0	98.73220820148194	1.8555466879489224			intertidal
GNM526588003572	MC7		Spartina	TAZA015	41.0		Song Zenglei	41.0	98.73220820148194	1.7158818834796488			intertidal
GNM526588003233	MC7		Spartina	TATA003	48.0		Song Zenglei	48.0	98.73220820148194	1.7158818834796488			intertidal
GNM526588003576	MC7		Spartina	TAZC015	46.0		Song Zenglei	46.0	98.73220820148194	2.051077414205906			intertidal
GNM526588003216	MC7		Spartina	SATA028	44.0		Song Zenglei	44.0	98.73220820148194	1.7158818834796488			intertidal
GNM526588003507	MC7		Spartina	CRSC054	42.0		Song Zenglei	42.0	98.73220820148194	1.7158818834796488			intertidal
GNM526588003558	MC7		Spartina	SAZD013	41.0		Song Zenglei	41.0	98.73220820148194	2.051077414205906			intertidal
GNM526588003200	MC7		Spartina	CRTC037	43.0		Song Zenglei	43.0	98.73220820148194	2.13487629688747			intertidal
GNM526588003226	MC7		Spartina	SATE035	45.0		Song Zenglei	45.0	98.73220820148194	1.7158818834796488			intertidal
GNM526588003234	MC7		Spartina	TATA028	47.0		Song Zenglei	47.0	98.73220820148194	1.771747805267358			intertidal
GNM526588003506	MC7		Spartina	CRSC037	43.0		Song Zenglei	43.0	98.73220820148194	1.7857142857142856			intertidal
GNM526588003202	MC7		Spartina	CRZD010	45.0		Song Zenglei	45.0	98.73220820148194	1.7158818834796488			intertidal
GNM526588003235	MC7		Spartina	TATC032	45.0		Song Zenglei	45.0	98.73220820148194	1.7158818834796488			intertidal
GNM526588003429	MC7		bare flat	SZCCYKD034	58.0		Huang Yanyan	58.0	99.6125196963186	2.144187283852088			intertidal
GNM526588003194	MC7		Spartina	CRSD018	47.0		Song Zenglei	47.0	99.6125196963186	1.948656557595105			intertidal
FJ12	MC7		Zostera japonica	ZJTAL016	82.0		Huang Yanyan	82.0	99.57760349520127	2.2802709394888168			intertidal
GNM526588002924	MC7		bare flat	SZCCDBA006	79.0		Lin Xingqin	79.0	99.57760349520127	2.051077414205906			intertidal
FH10	MC7		Zostera japonica	AC06	297.0		Huang Yanyan	297.0	99.33319008738005	4.3668719913379785			intertidal
FI6	MC7		Zostera japonica	ZJTAS012	63.0		Huang Yanyan	63.0	99.33319008738005	1.8555466879489224			intertidal
FJ9	MC7		Zostera japonica	ZJDAL003	62.0		Huang Yanyan	62.0	99.33319008738005	1.8555466879489224			intertidal
FI3	MC7		Zostera japonica	ZJDAS020	50.0		Huang Yanyan	50.0	98.9861442096079	1.5762170790103749			intertidal
FG5	MC7		Halophila ovalis	HOTBL028	59.0		Huang Yanyan	59.0	98.9861442096079	2.051077414205906			intertidal
FG6	MC7		Halophila ovalis	ZJDAS003	78.0		Huang Yanyan	78.0	98.92971398557992	1.8648576749135408			intertidal
FF5	MC7		Halophila ovalis	HODAL012	81.0		Huang Yanyan	81.0	98.92971398557992	1.8648576749135408			intertidal
FI11	MC7		Zostera japonica	ZJDAL001	58.0		Huang Yanyan	58.0	99.4093708898178	1.7158818834796488			intertidal
FK7	MC7		Zostera japonica	ZJDAL004	54.0		Huang Yanyan	54.0	99.6125196963186	1.3434424048949187			intertidal
FK4	MC7		Zostera japonica	AC12	243.0		Huang Yanyan	243.0	99.6125196963186	2.018488959829742			intertidal
FK6	MC7		Zostera japonica	HOTBL022	67.0		Huang Yanyan	67.0	99.6125196963186	1.6693269486565576			intertidal
FK3	MC7		Zostera japonica	ZJTCS001	68.0		Huang Yanyan	68.0	99.6125196963186	1.6693269486565576			intertidal
GNM526588003399	MC7		bare flat	SZCCBHC027	65.0		Huang Yanyan	65.0	99.6125196963186	1.948656557595105			intertidal
GNM526588003367	MC7		bare flat	SZCCBHA123	78.0		Huang Yanyan	78.0	98.68142099985675	1.7158818834796488			intertidal
GNM526588003368	MC7		bare flat	SZCCBHA127	79.0		Huang Yanyan	79.0	98.68142099985675	1.7717478052673583			intertidal
FJ3	MC7		Zostera japonica	ZJTAS003	44.0		Huang Yanyan	44.0	99.6125196963186	2.1115988294759247			intertidal
FJ4	MC7		Zostera japonica	ZJTAS013	48.0		Huang Yanyan	48.0	99.6125196963186	2.1115988294759247			intertidal
FJ6	MC7		Zostera japonica	AC10	44.0		Huang Yanyan	44.0	99.6125196963186	2.1115988294759247			intertidal
FJ5	MC7		Zostera japonica	ZJTCL006	49.0		Huang Yanyan	49.0	99.6125196963186	2.1115988294759247			intertidal
FH1	MC7		Zostera japonica	HODAS001	198.0		Huang Yanyan	198.0	99.6125196963186	3.267713044249357			intertidal
FF9	MC7		Halophila ovalis	ZJDAS015	55.0		Huang Yanyan	55.0	98.6666080660494	2.0883213620643786			intertidal
GNM526588000705	MC7		bare flat	H-2-R-9-2	48.0		Zhang DeChao	48.0	98.7597179356956	2.0883213620643786			intertidal
AF1	MC7	MC7	coral	Y426	52.0		Xie Mei	52.0	99.6125196963186	1.38999733971801			
GNM526588002923	MC7		bare flat	SZCCDBA005	55.0		Lin Xingqin	55.0	99.6125196963186	1.4114842327132828			intertidal
GNM526588003231	MC7		Spartina	TASB020	53.0		Song Zenglei	53.0	99.6125196963186	1.6227720138334665			intertidal
FI7	MC7		Zostera japonica	ZJTCL004	83.0		Huang Yanyan	83.0	99.6125196963186	1.5045941023594656			intertidal
FL2	MC7		Zostera japonica	AC15	64.0		Huang Yanyan	64.0	99.05386047844148	1.6320830007980844			intertidal
GNM926926003762	MC7		marine ranching	YTSC323	48.0		Huang Yanyan	48.0	99.6125196963186	2.0632533202365604			submerged
AD9	MC7	MC7	coral	Y304	66.0		Xie Mei	66.0	99.19352528291076	1.9796931808104992			
GNM526588000702	MC271		brown algae	BHA-24	34.0		Zhang DeChao	34.0	99.3546769803753	1.922053737696196			submerged
CH2	MC3	MC3	coral	Y255	66.0		Xie Mei	66.0	99.38905600916772	2.43569279882129			
N7	MC3	MC3	coral	Y721	60.0		Xie Mei	60.0	99.33319008738005	1.9719340250066508			
P8	MC3	MC3	coral	Y918	63.0		Xie Mei	63.0	99.13121329322446	2.13487629688747			
O4	MC3	MC3	coral	Y803	56.0		Xie Mei	56.0	99.33319008738005	1.38999733971801			
M11	MC3	MC3	coral	Y525	64.0		Xie Mei	64.0	99.38905600916772	2.2279861665336527			
AE4	MC3	MC3	coral	Y369	60.0		Xie Mei	60.0	99.38905600916772	1.948656557595105			
GNM526588003462	MC3		bare flat	SZCCYKE132	76.0		Huang Yanyan	76.0	99.05386047844148	2.448910493603231			intertidal
GNM526588003470	MC3		bare flat	SZCCYKF019	90.0		Huang Yanyan	90.0	99.03058301102996	2.309245689133957			intertidal
GNM526588003422	MC3		bare flat	SZCCYKD010	76.0		Huang Yanyan	76.0	99.33319008738005	2.448910493603231			intertidal
GNM526588003489	MC3		bare flat	SZCCYKF094	81.0		Huang Yanyan	81.0	99.33319008738005	2.448910493603231			intertidal
GNM526588003199	MC3		Spartina	CRTC015	59.0		Song Zenglei	59.0	99.05386047844148	1.8555466879489224			intertidal
GNM526588003219	MC3		Spartina	SATA035	64.0		Song Zenglei	64.0	99.05386047844148	2.1563631898827427			intertidal
GNM526588003477	MC3		bare flat	SZCCYKF038	74.0		Huang Yanyan	74.0	99.01395624859312	2.13487629688747			intertidal
GNM526588003218	MC3		Spartina	SATA033	63.0		Song Zenglei	63.0	99.05386047844148	2.063253320236561			intertidal
GNM526588003215	MC3		Spartina	SATA022	61.0		Song Zenglei	61.0	99.05386047844148	2.13487629688747			intertidal
GNM526588003468	MC3		bare flat	SZCCYKF005	73.0		Huang Yanyan	73.0	99.05386047844148	1.783923711298013			intertidal
GNM526588003562	MC3		Spartina	SAZE008	62.0		Song Zenglei	62.0	99.05386047844148	2.222870239630016			intertidal
GNM526588003526	MC3		Spartina	SASD013	63.0		Song Zenglei	63.0	99.07534737143676	2.13487629688747			intertidal
GNM526588003436	MC3		bare flat	SZCCYKD119	69.0		Huang Yanyan	69.0	99.05386047844148	2.212229111670452			intertidal
GNM526588003221	MC3		Spartina	SATA040	65.0		Song Zenglei	65.0	99.05386047844148	2.1563631898827427			intertidal
GNM526588003579	MC3		Spartina	TAZD023	59.0		Song Zenglei	59.0	99.05386047844148	2.414205905826017			intertidal
GNM526588003220	MC3		Spartina	SATA037	60.0		Song Zenglei	60.0	99.05386047844148	2.13487629688747			intertidal
GNM526588003463	MC3		bare flat	SZCCYKE139	71.0		Huang Yanyan	71.0	99.05386047844148	2.321096036179835			intertidal
GNM526588003461	MC3		bare flat	SZCCYKE129	69.0		Huang Yanyan	69.0	98.91419567397222	2.321096036179835			intertidal
GNM526588003563	MC3		Spartina	SAZE010	62.0		Song Zenglei	62.0	99.05386047844148	2.222870239630016			intertidal
GNM526588003197	MC3		Spartina	CRTB023	62.0		Song Zenglei	62.0	99.05386047844148	2.414205905826017			intertidal
GNM526588003203	MC3		Spartina	CRZE003	61.0		Song Zenglei	61.0	99.05386047844148	2.13487629688747			intertidal
GNM526588003201	MC3		Spartina	CRTD047	59.0		Song Zenglei	59.0	99.05386047844148	2.041766427241288			intertidal
GNM526588003451	MC3		bare flat	SZCCYKE073	67.0		Huang Yanyan	67.0	99.05386047844148	2.321096036179835			intertidal
GNM526588003502	MC3		bare flat	SZCCYKF152	65.0		Huang Yanyan	65.0	99.05386047844148	2.56318169725991			intertidal
GNM526588003212	MC3		Spartina	SATA010	60.0		Song Zenglei	60.0	99.05386047844148	1.76243681830274			intertidal
GNM526588003190	MC3		Spartina	CRSA017	63.0		Song Zenglei	63.0	99.05386047844148	2.13487629688747			intertidal
GNM526588003227	MC3		Spartina	SAZA012	60.0		Song Zenglei	60.0	99.05386047844148	2.13487629688747			intertidal
GNM526588003286	MC3		Spartina	TATA013	64.0		Song Zenglei	64.0	99.07534737143676	1.911412609736632			intertidal
GNM526588003439	MC3		bare flat	SZCCYKD157	81.0		Huang Yanyan	81.0	98.63486606503368	2.13487629688747			intertidal
GNM526588003223	MC3		Spartina	SATB044	70.0		Song Zenglei	70.0	99.05386047844148	1.9021016227720136			intertidal
GNM926926003698	MC3		Enteromorpha	QDSC184	81.0		Huang Yanyan	81.0	99.05386047844148	1.7158818834796488			submerged
GNM526588003239	MC3		Spartina	TAZA034	72.0		Song Zenglei	72.0	99.05386047844148	1.4831072093641926			intertidal
GNM526588003450	MC3		bare flat	SZCCYKE071	82.0		Huang Yanyan	82.0	99.33319008738005	2.283852088321362			intertidal
GNM526588003496	MC3		bare flat	SZCCYKF130	87.0		Huang Yanyan	87.0	99.33319008738005	2.283852088321362			intertidal
GNM526588003466	MC3		bare flat	SZCCYKE153	92.0		Huang Yanyan	92.0	99.33319008738005	2.283852088321362			intertidal
GNM526588003476	MC3		bare flat	SZCCYKF037	90.0		Huang Yanyan	90.0	98.47721412665544	2.873890541488308			intertidal
GNM526588003196	MC3		Spartina	CRTA038	72.0		Song Zenglei	72.0	98.51213032777278	2.583133812184091			intertidal
GNM526588003500	MC3		bare flat	SZCCYKF145	76.0		Huang Yanyan	76.0	98.51213032777278	2.583133812184091			intertidal
GNM926926003639	MC3		natural sea area	CDSB091	72.0		Huang Yanyan	72.0	98.53361722076806	2.154828411811652			submerged
GNM526588003456	MC3		bare flat	SZCCYKE100	76.0		Huang Yanyan	76.0	98.51213032777278	2.583133812184091			intertidal
GNM926926003597	MC3		natural sea area	CDSA096	66.0		Huang Yanyan	66.0	99.05386047844148	1.8555466879489224			submerged
GNM526588003490	MC3		bare flat	SZCCYKF099	67.0		Huang Yanyan	67.0	99.05386047844148	2.041766427241288			intertidal
GNM526588003566	MC3		Spartina	TASC047	58.0		Song Zenglei	58.0	99.05386047844148	2.041766427241288			intertidal
GNM526588003232	MC3		Spartina	TASD029	71.0		Song Zenglei	71.0	99.05386047844148	2.13487629688747			intertidal
GNM926926003631	MC3		natural sea area	CDSB007	69.0		Huang Yanyan	69.0	99.3546769803753	2.414205905826017			submerged
GNM926926003753	MC3		marine ranching	YTSC208	70.0		Huang Yanyan	70.0	99.63400658931386	2.501108450829121			submerged
GNM926926003714	MC3		marine ranching	YTSA099	72.0		Huang Yanyan	72.0	99.3546769803753	2.609736632083001			submerged
GNM526588003301	MC3		Spartina	SATA005	86.0		Song Zenglei	86.0	98.36484744305972	1.814977387603086			intertidal
AI2	MC3	MC125	coral	Y7	101.0		Xie Mei	101.0	99.3292833795627	2.3774991302924264			
GNM526588003185	MC3		Spartina	CRZD012	49.0		Song Zenglei	49.0	99.33319008738005	1.6693269486565576			intertidal
GNM526588003152	MC3		Spartina	SATB027	97.0		Song Zenglei	97.0	99.02846687762889	2.841302087112143			intertidal
GNM926926003704	MC3		marine ranching	YTSA049	54.0		Huang Yanyan	54.0	99.3292833795627	2.018488959829742			submerged
O5	MC3	MC3	coral	Y814	59.0		Xie Mei	59.0	99.30779648656744	1.8555466879489224			
K12	MC3	MC3	coral	Y170	57.0		Xie Mei	57.0	99.33319008738005	2.9263101888800214			
P2	MC3	MC3	coral	Y905	59.0		Xie Mei	59.0	99.33319008738005	2.9263101888800214			
AE6	MC3	MC3	coral	Y379	60.0		Xie Mei	60.0	99.33319008738005	2.9263101888800214			
P7	MC3	MC3	coral	Y917	62.0		Xie Mei	62.0	99.33319008738005	2.9263101888800214			
O6	MC3	MC3	coral	Y816	2.0		Xie Mei	44.0	98.0549315675014	2.87975525405693			
AE5	MC3	MC3	coral	Y377	47.0		Xie Mei	47.0	99.30779648656744	2.13487629688747			
AL7	MC3	MC3	coral	Y913	2.0		Xie Mei	51.0	99.30779648656744	2.13487629688747			
CI3	MC3	MC3	coral	Y920	47.0		Xie Mei	47.0	99.30779648656744	2.13487629688747			
CI6	MC3	MC3	coral	A159	48.0		Xie Mei	48.0	99.30779648656744	2.13487629688747			
M8	MC3	MC3	coral	Y161	53.0		Xie Mei	53.0	99.30779648656744	2.13487629688747			
AF11	MC3	MC3	coral	Y936	64.0		Xie Mei	64.0	99.30779648656744	2.13487629688747			
O10	MC3	MC3	coral	Y877	50.0		Xie Mei	50.0	99.30779648656744	2.13487629688747			
AE9	MC3	MC3	coral	Y402	48.0		Xie Mei	48.0	99.30779648656744	2.13487629688747			
AD12	MC3	MC3	coral	Y343	61.0		Xie Mei	61.0	99.30779648656744	2.13487629688747			
P5	MC3	MC3	coral	Y912	54.0		Xie Mei	54.0	99.30779648656744	2.13487629688747			
AL4	MC3	MC3	coral	Y192	49.0		Xie Mei	49.0	99.30779648656744	2.423516892790636			
N5	MC3	MC3	coral	Y571	54.0		Xie Mei	54.0	99.30779648656744	2.13487629688747			
P9	MC3	MC3	coral	Y919	54.0		Xie Mei	54.0	99.30779648656744	2.13487629688747			
O9	MC3	MC3	coral	Y875	47.0		Xie Mei	47.0	99.30779648656744	2.13487629688747			
P12	MC3	MC3	coral	Y933	48.0		Xie Mei	48.0	99.30779648656744	2.13487629688747			
L8	MC3	MC3	coral	Y191	49.0		Xie Mei	49.0	99.30779648656744	2.13487629688747			
O12	MC3	MC3	coral	Y888	49.0		Xie Mei	49.0	99.30779648656744	2.13487629688747			
AE1	MC3	MC3	coral	Y349	49.0		Xie Mei	49.0	99.30779648656744	2.13487629688747			
N1	MC3	MC3	coral	Y552	53.0		Xie Mei	53.0	99.30779648656744	2.13487629688747			
BH9	MC3	MC3	coral	A152	284.0		Xie Mei	284.0	99.30779648656744	6.409570365370563			
N3	MC3	MC3	coral	Y557	51.0		Xie Mei	51.0	99.30779648656744	2.13487629688747			
FH4	MC3		Zostera japonica	ZJDAS004	93.0		Huang Yanyan	93.0	99.3292833795627	1.948656557595105			intertidal
AK11	MC3	MC3	coral	Y76	45.0		Xie Mei	45.0	99.33319008738005	1.6693269486565576			
BH8	MC3	MC3	coral	A133	62.0		Xie Mei	62.0	99.33319008738005	2.5073157754722			
BH7	MC3	MC3	coral	A132	64.0		Xie Mei	64.0	99.3546769803753	2.5073157754722			
L6	MC3	MC3	coral	Y51	65.0		Xie Mei	65.0	99.33319008738005	2.5073157754722			
AK10	MC3	MC3	coral	Y62	71.0		Xie Mei	71.0	99.3546769803753	2.5073157754722			
O3	MC3	MC3	coral	Y798	97.0		Xie Mei	97.0	98.9917872320107	2.786645384410748			
P3	MC3	MC3	coral	Y198	73.0		Xie Mei	73.0	99.33319008738005	2.5073157754722			
AF6	MC3	MC3	coral	Y471	62.0		Xie Mei	62.0	99.3546769803753	2.5073157754722			
O2	MC3	MC3	coral	Y780	71.0		Xie Mei	71.0	99.33319008738005	2.5073157754722			
AF9	MC3	MC3	coral	Y495	66.0		Xie Mei	66.0	99.33319008738005	2.8564777866453843			
N12	MC3	MC3	coral	Y735	55.0		Xie Mei	55.0	99.6125196963186	1.8648576749135408			
AF4	MC3	MC3	coral	Y463	53.0		Xie Mei	53.0	99.63400658931386	1.5855280659749933			
AF5	MC3	MC3	coral	Y470	50.0		Xie Mei	50.0	99.6125196963186	1.8648576749135408			
L11	MC3	MC3	coral	Y63	55.0		Xie Mei	55.0	99.3546769803753	2.0883213620643786			
FI1	MC304		Zostera japonica	HOTBL035	173.0		Huang Yanyan	173.0	99.34715656782696	2.212229111670452			intertidal
AF7	MC3	MC3	coral	Y472	64.0		Xie Mei	64.0	99.02846687762889	2.9263101888800214			
FI8	MC257		Zostera japonica	AC08	335.0		Huang Yanyan	335.0	98.7963975813138	3.670970556445418			intertidal
FI9	MC257		Zostera japonica	HODAS003	38.0		Huang Yanyan	38.0	98.7963975813138	1.2130885873902633			intertidal
FI10	MC257		Zostera japonica	HOTBL017	31.0		Huang Yanyan	31.0	98.7963975813138	1.203777600425645			intertidal
FI12	MC257		Zostera japonica	ZJDAS006	87.0		Huang Yanyan	87.0	98.7710039805012	1.203777600425645			intertidal
FJ8	MC257		Zostera japonica	HOTBL020	62.0		Huang Yanyan	62.0	98.7963975813138	1.5296621441872835			intertidal
GNM017872545	MC257		bare flat	HKCCSP335	36.0	Others	-	36.0	98.7710039805012	1.9135287431376813			intertidal
GNM017872555	MC257		bare flat	HKCCSA071	31.0	Others	-	31.0	98.81788447430904	1.8555466879489224			intertidal
FH8	MC257		Zostera japonica	ZJTAS011	45.0		Huang Yanyan	45.0	98.67577797745396	1.5855280659749933			intertidal
GNM017872535	MC257		bare flat	HKCCSP351	29.0	Others	-	29.0	98.67577797745396	1.9719340250066508			intertidal
GNM526588000030	MC257		coral	1A07697	30.0		Shao Zongze	30.0	99.47285489184932	2.0883213620643786			
GNM526588003381	MC257		bare flat	SZCCBHB056	47.0		Huang Yanyan	47.0	99.2074917633577	1.8555466879489224			intertidal
CL7	MC1	MC1	coral	F5S-2	27.0		Xie Mei	27.0	99.26156711072912	1.4797818568768288			
AG6	MC1	MC1	coral	Y70	29.0		Xie Mei	29.0	99.26156711072912	1.4797818568768288			
GNM526588003373	MC1		bare flat	SZCCBHA177	54.0		Huang Yanyan	54.0	98.7960177624982	1.9453312051077407			intertidal
GNM3889	MC1	MC1	coral	HKCCD6119	27.0	LuoLab	Luo Danli	27.0	98.98223750179056	1.9453312051077407			
FH5	MC1		Zostera japonica	ZJDAS019	50.0		Huang Yanyan	50.0	99.16845724108296	1.9453312051077407			intertidal
GNM017872595	MC1		bare flat	HKCCSP346	21.0	Others	-	21.0	98.98223750179056	2.559856344772546			intertidal
GNM4724	MC1	MC1	coral	HKCCD7559	26.0	LuoLab	Luo Danli	26.0	99.26156711072912	2.6529662144187283			
N9	MC1	MC1	coral	Y727	51.0		Xie Mei	51.0	99.3546769803753	2.224660814046289			
AF10	MC1	MC1	coral	Y935	51.0		Xie Mei	51.0	99.41054290216302	1.5263367916999202			
AP8	MC1	MC1	coral	156	49.0		Xie Mei	49.0	99.41054290216302	1.5555998935887203			
P10	MC1	MC1	coral	Y921	32.0		Xie Mei	32.0	99.41054290216302	1.4797818568768288			
N2	MC1	MC1	coral	Y556	38.0		Xie Mei	38.0	99.41054290216302	1.4797818568768288			
FJ10	MC1		Zostera japonica	ZJDAS007	24.0		Huang Yanyan	24.0	99.26156711072912	1.2004522479382815			intertidal
GNM017872515	MC1		mangrove	HKCCE3926	20.0		Zhou Zhichao	20.0	99.3546769803753	2.224660814046289			intertidal
AL3	MC1	MC1	coral	Y763	3.0		Xie Mei	33.0	99.63400658931386	3.922364103928349			
GNM526588003366	MC277		bare flat	SZCCBHA118	23.0		Huang Yanyan	23.0	99.68235209855322	2.590449587656292			intertidal
GNM013034175	MC20		brown algae	HKCCA5463	31.0	LuoLab	Chu Xiao	31.0	99.0520699040252	3.5219916644497644			submerged
GNM3526	MC20	MC20	coral	HKCCD6228	32.0	LuoLab	Luo Danli	32.0	98.81929522990976	3.3823268599804908			
GNM3529	MC20	MC20	coral	HKCCD6238	26.0	LuoLab	Luo Danli	26.0	99.02879243661368	3.149552185865035			
GNM013033235	MC20		brown algae	HKCCA0235A	31.0	LuoLab	Chu Xiao	31.0	99.09862483884832	3.538422817916739			submerged
GNM3884	MC20	MC20	coral	HKCCD6604	31.0	LuoLab	Luo Danli	31.0	99.6572840567254	2.9493659661257428			
GNM013033705	MC20		brown algae	HKCCA0370	36.0	LuoLab	Chu Xiao	36.0	98.77274029508668	3.5219916644497644			submerged
GNM4636	MC20	MC20	coral	HKCCD6181	21.0	LuoLab	Luo Danli	21.0	98.77274029508666	4.3620966246664565			
GNM013033125	MC265		brown algae	HKCCA4008	25.0	LuoLab	Chu Xiao	25.0	98.8891276321444	2.171898554580119			submerged
FM8	MC305		oyster	oyster35	42.0		Xie Mei	42.0	98.5949850893985	2.451228163518666			subtidal
GNM3539	MC20	MC20	coral	HKCCD6428	27.0	LuoLab	Luo Danli	27.0	99.47106431743303	3.17282965327658			
AA5	MC20	MC20	coral	M3-114	54.0		Xie Mei	54.0	99.19173470849448	3.5219916644497644			
GNM4634	MC101	MC101	coral	HKCCD6157	22.0	LuoLab	Luo Danli	22.0	98.9822375017906	2.5443380331648484			
AL12	MC17	MC17	coral	A2S-9	215.0		Xie Mei	215.0	99.07534737143676	2.734215660193314			
A4	MC17	MC17	coral	M2-25	29.0		Xie Mei	29.0	99.07534737143676	2.171898554580119			
AA1	MC17	MC17	coral	M3-101	31.0		Xie Mei	31.0	99.07534737143676	2.265008424226301			
H8	MC17	MC17	coral	L273	28.0		Xie Mei	28.0	98.70290789285204	2.59089296798794			
GNM013034245	MC287		brown algae	HKCCA4812	27.0	LuoLab	Chu Xiao	27.0	98.93568256696749	3.2892169903343085			submerged
GNM009363615	MC281		non marine	Ruegeria sp. THAF33	5.0	Others	-	5.0	98.95896003437905	6.457068691705564			Unknown
GNM020171305	MC267		offshore	DP4N0-4  	28.0	Others	-	28.0	99.63400658931386	1.5943786195182843			submerged
FN2	MC12		oyster	oyster47	25.0		Xie Mei	25.0	99.15449076063602	1.910203390650318			subtidal
FM12	MC12		oyster	oyster43	808.0		Xie Mei	808.0	99.15449076063602	11.018212079664591			subtidal
GNM926926003746	MC12		marine ranching	YTSC002	35.0		Huang Yanyan	35.0	99.37739014554656	2.038441074753924			submerged
FN1	MC12		oyster	oyster44	28.0		Xie Mei	28.0	98.95896003437905	2.5759389586205232			subtidal
BF11	MC12	MC12	coral	Y924	20.0		Xie Mei	20.0	99.30967387671296	1.689279063580739			
BF10	MC12	MC12	coral	Y908	19.0		Xie Mei	19.0	99.03034426777442	1.689279063580739			
GNM926926003723	MC12		marine ranching	YTSA144	25.0		Huang Yanyan	25.0	99.30967387671296	1.5496142591114657			submerged
FN3	MC12		mussel	mussel2-19	22.0		Xie Mei	22.0	99.03034426777442	2.2479382814578344			intertidal
GNM6295	MC12	MC12	coral	HKCCD9122	40.0	LuoLab	Luo Danli	40.0	99.2476006302822	2.267890396382016			
GNM6452	MC12	MC12	coral	HKCCD8344	47.0	LuoLab	Luo Danli	47.0	99.2476006302822	1.9885607874434688			
FN10	MC12		mussel	mussel2-78	31.0		Xie Mei	31.0	99.15449076063602	1.6194466613461025			intertidal
GNM926926003668	MC107		natural sea area	CDSC066	61.0		Huang Yanyan	61.0	98.73338021382716	2.7406446750022173			submerged
GNM926926003673	MC107		natural sea area	CDSC085	59.0		Huang Yanyan	59.0	98.73338021382716	2.7406446750022173			submerged
GNM926926003667	MC107		natural sea area	CDSC065	61.0		Huang Yanyan	61.0	98.73338021382716	2.7406446750022173			submerged
GNM926926003664	MC107		natural sea area	CDSC058	69.0		Huang Yanyan	69.0	98.4540506048886	2.7406446750022173			submerged
GNM926926003601	MC107		natural sea area	CDSA125	54.0		Huang Yanyan	54.0	99.03810342357828	2.9941303265325616			submerged
GNM926926003602	MC107		natural sea area	CDSA127	60.0		Huang Yanyan	60.0	98.89632248570796	2.9941303265325616			submerged
GNM926926003749	MC107		marine ranching	YTSC106	52.0		Huang Yanyan	52.0	99.0127098227657	3.3107038833295817			submerged
GNM003443535	MC107	MC107	coral	Ruegeria sp. AD91A	2.0	Others	-	2.0	98.87304501829642	2.9074665247849607			
GNM926926003609	MC107		natural sea area	CDSA141	59.0		Huang Yanyan	59.0	98.3209458139626	2.7910791877272323			submerged
GNM926926003608	MC107		natural sea area	CDSA140	59.0		Huang Yanyan	59.0	98.3209458139626	2.7910791877272323			submerged
GNM926926003745	MC107		marine ranching	YTSB088	35.0		Huang Yanyan	35.0	98.98170032946568	2.6002039549525584			submerged
AB9	MC109	MC109	coral	M4-9	67.0		Xie Mei	67.0	99.11026357255408	4.468608672519286			
AC6	MC61	MC61	coral	M10-44	86.0		Xie Mei	86.0	98.40030081650194	4.482575152966215			
AC10	MC61	MC61	coral	M11-7	67.0		Xie Mei	67.0	98.40030081650194	4.482575152966215			
E8	MC61	MC61	coral	M8-110	63.0		Xie Mei	63.0	98.40030081650194	4.482575152966215			
GNM926926003586	MC256		natural sea area	CDSA017	66.0		Huang Yanyan	66.0	98.602038867402	2.606411279595637			submerged
GNM926926003589	MC256		natural sea area	CDSA021	56.0		Huang Yanyan	56.0	98.67751429203943	2.606411279595637			submerged
GNM926926003618	MC256		natural sea area	CDSA206	63.0		Huang Yanyan	63.0	98.67751429203943	2.606411279595637			submerged
GNM926926003594	MC256		natural sea area	CDSA079	60.0		Huang Yanyan	60.0	98.33667573891036	2.3270816706570896			submerged
GNM001238295	MC122	MC122	coral	Ruegeria sp. 6PALISEP08	42.0	Others	-	42.0	98.59815928950006	2.5552008512902367			
GNM526588002894	MC8		coral	HKCCX1478	52.0		Luo Danli	52.0	98.99221355925266	2.1967278531524337			
GNM526588002989	MC8		bare flat	SZCCDBX1487	52.0		Lin Xingqin	52.0	98.99221355925266	2.1967278531524337			intertidal
GNM3849	MC8	MC8	coral	HKCCD7319	44.0	LuoLab	Luo Danli	44.0	99.10527554382304	2.233971801010908			
GNM3893	MC8	MC8	coral	HKCCD7296	41.0	LuoLab	Luo Danli	41.0	99.08532342889885	2.233971801010908			
GNM013034545	MC8		brown algae	HKCCA5763	35.0	LuoLab	Chu Xiao	35.0	98.20077966726012	3.095238095238096			submerged
GNM3500	MC8	MC8	coral	HKCCD5849	33.0	LuoLab	Luo Danli	33.0	99.1451797736714	3.0254056930034583			
GNM3501	MC8	MC8	coral	HKCCD5851	32.0	LuoLab	Luo Danli	32.0	99.1451797736714	3.0254056930034583			
GNM3851	MC8	MC8	coral	HKCCD7303	23.0	LuoLab	Luo Danli	23.0	99.08532342889885	3.5840649108805533			
GNM017872615	MC8		mangrove	HKCCE4150	25.0		Zhou Zhichao	25.0	99.08532342889885	3.91926044160681			intertidal
GNM017872495	MC8		mangrove	HKCCE4148	25.0		Zhou Zhichao	25.0	99.1451797736714	3.28145783453046			intertidal
GNM3850	MC8	MC8	coral	HKCCD7318	38.0	LuoLab	Luo Danli	38.0	98.47648161893972	2.8857408885341846			
GNM013034605	MC8		brown algae	HKCCA4633	26.0	LuoLab	Chu Xiao	26.0	98.55205781183436	2.243282787975525			submerged
GNM013034475	MC8		brown algae	HKCCA6837	57.0	LuoLab	Chu Xiao	57.0	98.25124130990054	3.324687416866188			submerged
GNM3519	MC103		coral	HKCCD6109	30.0	LuoLab	Luo Danli	30.0	98.21408107720956	3.1069876740267808			
GNM526588002893	MC103		bare flat	HKCCSP329	29.0		Ren Minglei	29.0	98.21408107720956	3.037155271792144			intertidal
GNM526588002970	MC103		bare flat	SZCCDBSP329	29.0		Lin Xingqin	29.0	98.21408107720956	3.037155271792144			intertidal
GNM526588002887	MC103		coral	HKCCD10078	29.0		Luo Danli	29.0	98.21408107720956	3.037155271792144			
GNM526588002960	MC103		bare flat	SZCCDBDL0078	29.0		Lin Xingqin	29.0	98.21408107720956	3.037155271792144			intertidal
GNM013034465	MC103		brown algae	HKCCC2112	25.0	LuoLab	Chu Xiao	25.0	98.21408107720956	3.037155271792144			submerged
GNM013034485	MC103		brown algae	HKCCC2111	32.0	LuoLab	Chu Xiao	32.0	98.21408107720956	3.037155271792144			submerged
BC9	MC103	MC103	coral	303	40.0		Xie Mei	40.0	98.18868747639698	3.316484880730691			
GNM526588002957	MC100		bare flat	SZCCDBD4008	22.0		Lin Xingqin	22.0	98.21408107720956	2.89749046732287			intertidal
GNM526588002890	MC100		coral	HKCCD4008	22.0		Luo Danli	22.0	98.21408107720956	2.89749046732287			
GNM013034525	MC100		brown algae	HKCCA5929	19.0	LuoLab	Chu Xiao	19.0	98.21408107720956	3.1768200762614174			submerged
GNM6438	MC100	MC100	coral	HKCCD9179	21.0	LuoLab	Luo Danli	21.0	98.21408107720956	2.89749046732287			
BA11	MC138	MC138	coral	M4-3	66.0		Xie Mei	66.0	98.21408107720956	3.456149685199965			
BG4	MC15	MC15	coral	A14	13.0		Xie Mei	13.0	98.46801708533552	3.798217611066773			
BG7	MC15	MC15	coral	A29	11.0		Xie Mei	11.0	98.46801708533552	3.798217611066773			
BG1	MC15	MC15	coral	A11	11.0		Xie Mei	11.0	98.46801708533552	3.798217611066773			
GNM3484	MC15	MC15	coral	HKCCD4332	28.0	LuoLab	Luo Danli	28.0	98.46801708533552	3.798217611066773			
BD11	MC15	MC15	coral	B120	19.0		Xie Mei	19.0	98.46801708533552	3.798217611066773			
GNM3481	MC15	MC15	coral	HKCCD4315	26.0	LuoLab	Luo Danli	26.0	98.46801708533552	4.043168191212884			
GNM1692	MC15	MC15	coral	HKCCD4318	24.0	LuoLab	Luo Danli	24.0	98.46801708533552	4.043168191212884			
GNM3482	MC15	MC15	coral	HKCCD4318-2	28.0	LuoLab	Luo Danli	28.0	98.46801708533552	4.043168191212884			
GNM013034445	MC15		brown algae	HKCCC2117	27.0	LuoLab	Chu Xiao	27.0	98.46801708533552	3.60268688480979			submerged
GNM526588002888	MC15		coral	HKCCD10097	28.0		Luo Danli	28.0	98.49341068614812	3.633723508025184			
GNM526588002961	MC15		bare flat	SZCCDBDL00972	28.0		Lin Xingqin	28.0	98.49341068614812	3.633723508025184			intertidal
GNM526588002958	MC15		bare flat	SZCCDBD4009-2	30.0		Lin Xingqin	30.0	98.36305686864348	7.315231323611211			intertidal
GNM526588002891	MC15		coral	HKCCD4009-2	30.0		Luo Danli	30.0	98.36305686864348	7.315231323611211			
GNM3494	MC15	MC15	coral	HKCCD4884	31.0	LuoLab	Luo Danli	31.0	98.36305686864348	5.010762049868195			
GNM526588002959	MC15		bare flat	SZCCDBD4009	23.0		Lin Xingqin	23.0	98.36305686864348	7.291953856199666			intertidal
GNM526588002892	MC15		coral	HKCCD4009	23.0		Luo Danli	23.0	98.36305686864348	7.291953856199666			
FN6	MC138		mussel	mussel2-37	36.0		Xie Mei	36.0	98.30719094685575	3.145783453046024			subtidal
FP9	MC306		mussel	CN-9	51.0		Xie Mei	51.0	98.49341068614812	3.5033696905205285			intertidal
CF8	MC96	MC96	coral	CF8	26.0		Luo Danli	26.0	98.81486142659328	8.444521028319912			
GNM526588003386	MC283		bare flat	SZCCBHB064	41.0		Huang Yanyan	41.0	99.12369288067612	6.571380202665119			intertidal
FM2	MC307		oyster	oyster3	21.0		Xie Mei	21.0	99.2732058444349	1.214623365461354			subtidal
F5	MC39	MC39	coral	M11-10	81.0		Xie Mei	81.0	98.23735854462112	4.918861399308326			
AK4	MC39	MC39	coral	S168	84.0		Xie Mei	84.0	98.51668815355966	5.570630486831604			
G12	MC95	MC95	coral	S2-23	18.0		Xie Mei	18.0	98.00637444492196	1.468919038751441			
F11	MC106	MC106	coral	B116	50.0		Xie Mei	50.0	98.00190343486432	1.531435665513878			
E6	MC0	MC0	coral	M8-100	24.0		Xie Mei	24.0	98.87537276503755	2.6440986077857582			
D10	MC0	MC0	coral	M7-54	31.0		Xie Mei	31.0	98.80554036280292	2.364768998847211			
E2	MC0	MC0	coral	M7-190	15.0		Xie Mei	15.0	99.15470237397612	2.6440986077857582			
D12	MC0	MC0	coral	M7-76	20.0		Xie Mei	20.0	99.15470237397612	2.364768998847211			
E5	MC0	MC0	coral	M8-45	15.0		Xie Mei	15.0	99.15470237397612	2.923428216724305			
AD1	MC0	MC0	coral	M11-53	22.0		Xie Mei	22.0	99.15470237397612	2.6440986077857582			
I5	MC0	MC0	coral	S5-119	18.0		Xie Mei	18.0	98.87537276503755	2.1319943247317545			
AH6	MC0	MC0	coral	S5-180	21.0		Xie Mei	21.0	98.596043156099	2.4113239336703027			
AH9	MC0	MC0	coral	S5-195	22.0		Xie Mei	22.0	98.596043156099	2.4113239336703027			
AH4	MC0	MC0	coral	S5-166	25.0		Xie Mei	25.0	98.87537276503755	2.4113239336703027			
AH1	MC0	MC0	coral	S5-149	24.0		Xie Mei	24.0	98.87537276503755	2.4113239336703027			
AH10	MC0	MC0	coral	S5-208	21.0		Xie Mei	21.0	98.87537276503755	2.4113239336703027			
AH8	MC0	MC0	coral	S5-193	25.0		Xie Mei	25.0	98.596043156099	2.4113239336703027			
AH5	MC0	MC0	coral	S5-169	20.0		Xie Mei	20.0	98.87537276503755	2.4113239336703027			
AH11	MC0	MC0	coral	S5-210	47.0		Xie Mei	47.0	98.87537276503755	2.4113239336703027			
H9	MC0	MC0	coral	S5-136	10.0		Xie Mei	13.0	98.90530093742385	4.18041145694777			
GNM6475	MC0	MC0	coral	HKCCD8727	14.0	LuoLab	Luo Danli	14.0	98.87537276503755	2.1319943247317545			
AC8	MC0	MC0	coral	M11-1	44.0		Xie Mei	44.0	98.87537276503755	2.187860246519464			
GNM6410	MC0	MC0	coral	HKCCD9105	14.0	LuoLab	Luo Danli	14.0	98.87537276503755	2.201826726966392			
CE7	MC0	MC0	coral	CE7	33.0		Luo Danli	33.0	98.87537276503755	2.201826726966392			
GNM526588000704	MC0		brown algae	BHE-8	25.0		Zhang DeChao	25.0	99.2478122436223	2.2716591292010286			submerged
GNM3489	MC0	MC0	coral	HKCCD4579	19.0	LuoLab	Luo Danli	19.0	98.96848263468377	2.8023853861842687			
GNM3490	MC0	MC0	coral	HKCCD4580	17.0	LuoLab	Luo Danli	17.0	99.2478122436223	2.6534095947503764			
GNM4288	MC0	MC0	coral	HKCCD6210	12.0	LuoLab	Luo Danli	12.0	98.96848263468377	2.2251041943779373			
GNM013035965	MC0		brown algae	HKCCA4609	16.0	LuoLab	Chu Xiao	16.0	98.3865459493951	2.4578788684933937			submerged
GNM013035955	MC0		brown algae	HKCCA4608	19.0	LuoLab	Chu Xiao	19.0	98.40982341680666	2.4578788684933937			submerged
C5	MC0	MC0	coral	M4-20	23.0		Xie Mei	23.0	98.40982341680666	2.504433803316485			
AA2	MC0	MC0	coral	M3-102	31.0		Xie Mei	31.0	98.40982341680666	2.504433803316485			
GNM013035365	MC0		brown algae	HKCCC1226	20.0	LuoLab	Chu Xiao	20.0	98.40982341680666	2.4578788684933937			submerged
AA4	MC0	MC0	coral	M3-113	34.0		Xie Mei	34.0	98.40982341680666	2.4578788684933937			
GNM013035685	MC0		brown algae	HKCCA5680	24.0	LuoLab	Chu Xiao	24.0	98.87537276503755	2.085439389908664			submerged
D6	MC0	MC0	coral	M5-II-6	14.0		Xie Mei	14.0	98.66587555833364	2.085439389908664			
GNM3558	MC0	MC0	coral	HKCCD6593	19.0	LuoLab	Luo Danli	19.0	98.9452051672722	2.3740799858118296			
AB4	MC0	MC0	coral	M4-1	38.0		Xie Mei	38.0	98.9452051672722	2.3740799858118296			
A5	MC0	MC0	coral	M2-26	28.0		Xie Mei	28.0	98.85209529762604	2.3740799858118296			
GNM3485	MC0	MC0	coral	HKCCD4449	145.0	LuoLab	Luo Danli	145.0	98.57276568868748	3.461409788225431			
GNM4629	MC0	MC0	coral	HKCCD6115	14.0	LuoLab	Luo Danli	14.0	98.60535414306364	1.9178416245455352			
GNM4630	MC0	MC0	coral	HKCCD6116	12.0	LuoLab	Luo Danli	12.0	98.8846837520022	1.9178416245455352			
GNM4637	MC0	MC0	coral	HKCCD6234	19.0	LuoLab	Luo Danli	19.0	98.60535414306364	2.0109514941917177			
GNM3479	MC0	MC0	coral	HKCCD3925	20.0		Luo Danli	20.0	98.60535414306364	2.2204487008956284			
CG9	MC0	MC0	coral	CG9	107.0		Luo Danli	107.0	98.8381288171791	2.1625875676155006			
GNM013036025	MC0		brown algae	HKCCA1383-2	15.0	LuoLab	Chu Xiao	15.0	98.60535414306364	1.9178416245455352			submerged
GNM4668	MC0	MC0	coral	HKCCD7109	15.0	LuoLab	Luo Danli	15.0	98.60535414306364	2.141305311696373			
GNM4675	MC0	MC0	coral	HKCCD7172	13.0	LuoLab	Luo Danli	13.0	98.3260245341251	2.141305311696373			
I3	MC0	MC0	coral	S4-157	31.0		Xie Mei	31.0	98.66587555833364	2.141305311696373			
AB7	MC0	MC0	coral	M4-6	29.0		Xie Mei	29.0	98.66587555833364	2.364768998847211			
GNM013035915	MC0		brown algae	HKCCA4776	19.0	LuoLab	Chu Xiao	19.0	98.66587555833364	3.342422630132127			submerged
GNM3533	MC0	MC0	coral	HKCCD6291	13.0	LuoLab	Luo Danli	13.0	99.22453477621076	2.364768998847211			
B11	MC0	MC0	coral	M3-98	18.0		Xie Mei	18.0	98.46568933859436	3.3889775649552183			
BJ7	MC0	MC0	coral	M11-3	217.0		Xie Mei	217.0	98.46568933859436	4.475037687328189			
CG2	MC0	MC0	coral	CG2	21.0		Luo Danli	21.0	98.74501894753293	3.482087434601401			
CF3	MC0	MC0	coral	CF3	18.0		Luo Danli	18.0	98.74501894753293	3.761417043539948			
CF1	MC0	MC0	coral	CF1	29.0		Luo Danli	29.0	98.66587555833364	3.1624102154828413			
AA8	MC0	MC0	coral	M3-134	30.0		Xie Mei	30.0	98.66766613274994	2.713931010020396			
C9	MC0	MC0	coral	M5-1	18.0		Xie Mei	18.0	98.66766613274994	2.713931010020396			
GNM3530	MC0	MC0	coral	HKCCD6251	17.0	LuoLab	Luo Danli	17.0	98.64438866533838	2.713931010020396			
GNM4725	MC0	MC0	coral	HKCCD7560	13.0	LuoLab	Luo Danli	13.0	99.22632535062704	2.713931010020396			
AM5	MC0	MC0	coral	A2S-18	35.0		Xie Mei	35.0	98.3883365238114	1.8992196506162984			
CJ6	MC0	MC0	coral	F1M-8	15.0		Xie Mei	15.0	98.6891530257452	1.9457745854393893			
GNM4695	MC0	MC0	coral	HKCCD7291	12.0	LuoLab	Luo Danli	12.0	98.63095935721634	1.8154207679347345			
GNM3547	MC0	MC0	coral	HKCCD6459	15.0	LuoLab	Luo Danli	15.0	98.63095935721634	1.8154207679347345			
D7	MC0	MC0	coral	M7-36	30.0		Xie Mei	30.0	98.65423682462789	1.536091158996187			
GNM013033075	MC0		brown algae	HKCCA0219	13.0	LuoLab	Chu Xiao	13.0	99.15470237397612	1.8154207679347345			submerged
K6	MC0	MC0	coral	S170	37.0		Xie Mei	37.0	98.6891530257452	3.1189589429812896			
K3	MC0	MC0	coral	S167	36.0		Xie Mei	36.0	98.6891530257452	3.1189589429812896			
C6	MC0	MC0	coral	M4-29	23.0		Xie Mei	23.0	98.75898542797984	1.9178416245455352			
GNM013035845	MC0		brown algae	HKCCA4824	18.0	LuoLab	Chu Xiao	18.0	98.72406922686253	2.2716591292010286			submerged
C10	MC0	MC0	coral	M5-7	13.0		Xie Mei	13.0	98.54948822127594	2.364768998847211			
GNM013033065	MC0		brown algae	HKCCA0158	14.0	LuoLab	Chu Xiao	14.0	98.6891530257452	2.4113239336703027			submerged
GNM013033105	MC0		brown algae	HKCCA0044	23.0	LuoLab	Chu Xiao	23.0	98.6891530257452	2.131994324731755			submerged
CG1	MC0	MC0	coral	CG1	34.0		Luo Danli	34.0	98.40982341680666	2.4113239336703027			
AF2	MC0	MC0	coral	Y432	22.0		Xie Mei	22.0	99.22453477621076	2.085439389908664			
GNM019904295	MC0		coral	SCSIO 43209  	6.0	Others	-	6.0	99.00339883580106	3.8778043805976767			
AA9	MC0	MC0	coral	M3-140	24.0		Xie Mei	24.0	99.00339883580106	2.2716591292010286			
CE6	MC0	MC0	coral	CE6	17.0		Luo Danli	17.0	98.72406922686253	2.5370222576926484			
GNM013035525	MC0		brown algae	HKCCA5940	14.0	LuoLab	Chu Xiao	14.0	98.40982341680666	2.364768998847211			submerged
AD5	MC0	MC0	coral	M11-69	22.0		Xie Mei	22.0	99.2478122436223	2.094750376873282			
AN9	MC0	MC0	coral	A1M-14	37.0		Xie Mei	37.0	98.96848263468377	2.862906801454288			
GNM6470	MC145	MC145	coral	HKCCD9012	35.0	LuoLab	Luo Danli	35.0	98.31850412157677	2.9761904761904767			
GNM013033765	MC280		brown algae	HKCCC2122	30.0	LuoLab	Chu Xiao	30.0	98.89865023244911	2.9529130087789306			submerged
GNM013033005	MC60		brown algae	HKCCA0302-2	38.0	LuoLab	Chu Xiao	38.0	99.19352528291074	5.229449321628093			submerged
GNM013033025	MC60		brown algae	HKCCA0302	34.0	LuoLab	Chu Xiao	34.0	99.19352528291074	5.229449321628093			submerged
C4	MC60	MC60	coral	144	78.0		Xie Mei	78.0	99.05386047844148	5.88121840915137			
BA2	MC60	MC60	coral	144	47.0		Xie Mei	47.0	99.19352528291074	6.1605480180899175			
GNM013033625	MC258		brown algae	HKCCA0468	29.0	LuoLab	Chu Xiao	29.0	98.57911408889062	3.516227720138335			submerged
GNM013033675	MC258		brown algae	HKCCA0466	29.0	LuoLab	Chu Xiao	29.0	98.69305973356252	4.240694128962285			submerged
CE9	MC149	MC149	coral	CE9	151.0		Luo Danli	151.0	98.94753291401337	7.3809523809523805			
GNM926926003706	MC6		marine ranching	YTSA064	33.0		Huang Yanyan	33.0	99.55253545337344	0.6577547220005319			submerged
GNM926926003736	MC6		marine ranching	YTSA224	34.0		Huang Yanyan	34.0	99.55253545337344	0.9370843309390794			submerged
GNM000192475	MC6	MC29	coral	Ruegeria conchae TW15	28.0	Others	-	28.0	99.2732058444349	0.3923915935089119			
GNM003664205	MC6	MC29	coral	Ruegeria conchae DSM 29317	17.0	Others	-	17.0	99.55253545337344	0.4482575152966214			
G2	MC6	MC29	coral	B154	27.0		Xie Mei	27.0	99.04974215728406	1.2629688747007182			
AA3	MC6	MC29	coral	M3-111	48.0		Xie Mei	48.0	99.11237970595512	1.2396914072891727			
GNM013033885	MC6		brown algae	HKCCA6783	29.0	LuoLab	Chu Xiao	29.0	99.46873657069187	0.7927640329874966			submerged
AN6	MC6	MC6	coral	A2T-28	60.0		Xie Mei	60.0	98.55372048807804	1.673982442138867			
AN7	MC6	MC6	coral	A2T-30	85.0		Xie Mei	85.0	98.55372048807804	1.9859005054535783			
GNM013033845	MC6		brown algae	HKCCC1043	39.0	LuoLab	Chu Xiao	39.0	98.55372048807804	1.4924181963288106			submerged
GNM013033775	MC6		brown algae	HKCCC2131	29.0	LuoLab	Chu Xiao	29.0	98.55372048807804	1.4924181963288106			submerged
AP7	MC6	MC6	coral	32	52.0		Xie Mei	52.0	98.55372048807804	2.6456504389465283			
GNM4697	MC6	MC6	coral	HKCCD7301	20.0	LuoLab	Luo Danli	20.0	98.05092719198863	1.5283320031923382			
GNM013034005	MC6		brown algae	HKCCA5794	36.0	LuoLab	Chu Xiao	36.0	98.43521701761928	2.3663208300079805			submerged
AB11	MC6	MC6	coral	30	2.0		Xie Mei	174.0	98.43521701761928	2.516959297685555			
AA7	MC6	MC6	coral	M3-123	49.0		Xie Mei	49.0	98.43521701761928	2.3663208300079805			
C1	MC6	MC6	coral	45	61.0		Xie Mei	61.0	98.43521701761928	2.74087644199376			
B12	MC6	MC6	coral	M3-99	45.0		Xie Mei	45.0	98.43521701761928	2.3663208300079805			
GNM4683	MC6	MC6	coral	HKCCD7217	46.0	LuoLab	Luo Danli	46.0	98.43521701761928	2.589784517158819			
CL8	MC6	MC6	coral	F5S-17	47.0		Xie Mei	47.0	98.43521701761928	2.668927906358073			
AE12	MC6	MC6	coral	Y411	158.0		Xie Mei	158.0	98.18128100949332	2.667137331941801			
O11	MC6	MC6	coral	Y883	46.0		Xie Mei	46.0	98.7399402273704	0.7275871242351689			
CL5	MC6	MC6	coral	F5M-22	41.0		Xie Mei	41.0	99.30758487322731	1.2396914072891727			
FO2	MC6		coral	Nan4	788.0		Xiang Nan	788.0	99.60840137516116	21.13762474426293			
GNM000813985	MC76	MC76	coral	Ruegeria sp. ANG-R	41.0	Others	-	41.0	98.52346675670698	3.315120633556387			
GNM900106805	MC133	MC133	coral	Ruegeria halocynthiae DSM 27839	35.0	Others	-	35.0	98.53942844864632	3.050678371907422			
GNM000158135	MC127	MC127	coral	Rhodobacteraceae bacterium KLH11	6.0	Others	-	6.0	99.70562956596476	0.7648310720936419			
FN5	MC308		mussel	mussel2-25	29.0		Xie Mei	29.0	99.41054290216302	3.111199787177441			intertidal
GNM4674	MC150	MC150	coral	HKCCD7171	17.0	LuoLab	Luo Danli	17.0	98.5792047803221	3.43708433093908			
FM11	MC309		oyster	oyster42	66.0		Xie Mei	66.0	98.57488182208851	5.09131929522991			subtidal
CJ11	MC56	MC56	coral	F1M-25	27.0		Xie Mei	27.0	98.86764073914912	0.6373421736550228			
CJ8	MC56	MC56	coral	F1M-22	31.0		Xie Mei	31.0	98.86764073914912	0.6373421736550228			
CJ5	MC56	MC56	coral	F1M-5	28.0		Xie Mei	28.0	98.86764073914912	0.6373421736550228			
CJ3	MC56	MC56	coral	F1M-1	27.0		Xie Mei	27.0	98.86764073914912	0.6373421736550228			
CJ10	MC56	MC56	coral	F1M-24	43.0		Xie Mei	43.0	98.86764073914912	0.6373421736550228			
CJ4	MC56	MC56	coral	F1M-2	31.0		Xie Mei	31.0	98.86764073914912	0.6373421736550228			
CL1	MC56	MC56	coral	F1T-30	28.0		Xie Mei	28.0	98.58831113021056	0.6373421736550228			
AD2	MC148	MC148	coral	M11-54	48.0		Xie Mei	48.0	98.9351453946426	2.4034841632607			
G7	MC5	MC5	coral	B123	11.0		Xie Mei	21.0	99.09862483884832	4.682054444624278			
G6	MC5	MC5	coral	B450	22.0		Xie Mei	22.0	98.79780833691449	2.787975525405693			
G1	MC5	MC5	coral	B129	30.0		Xie Mei	30.0	98.37881392350666	2.8857408885341846			
G4	MC5	MC5	coral	B327	73.0		Xie Mei	73.0	98.565033662799	2.5365788773610003			
G3	MC5	MC5	coral	B326	42.0		Xie Mei	42.0	98.79780833691449	2.815908486299548			
G11	MC5	MC5	coral	B329	25.0		Xie Mei	25.0	98.79780833691449	2.787975525405693			
G10	MC5	MC5	coral	B325	37.0		Xie Mei	37.0	99.09032851071956	2.37097632349029			
G9	MC5	MC5	coral	B145	44.0		Xie Mei	44.0	99.09032851071956	2.789970736898111			
BE8	MC13	MC13	coral	S109	55.0		Xie Mei	55.0	98.00987420400828	1.9240489491886137			
J7	MC13	MC13	coral	S102	57.0		Xie Mei	57.0	98.00987420400828	1.9240489491886137			
I8	MC13	MC13	coral	S84	55.0		Xie Mei	55.0	98.00987420400828	1.9240489491886137			
AP11	MC13	MC13	coral	231	4.0		Xie Mei	124.0	98.00987420400828	2.58512902367651			
J3	MC13	MC13	coral	S98	56.0		Xie Mei	56.0	98.00987420400828	1.9240489491886137			
J12	MC13	MC13	coral	S112	57.0		Xie Mei	57.0	98.00987420400828	1.9240489491886137			
I11	MC13	MC13	coral	S92	58.0		Xie Mei	58.0	98.00987420400828	1.9240489491886137			
I6	MC13	MC13	coral	S74	56.0		Xie Mei	56.0	98.00987420400828	1.9240489491886137			
K2	MC13	MC13	coral	S117	59.0		Xie Mei	59.0	98.00987420400828	1.9240489491886137			
I7	MC13	MC13	coral	S76	56.0		Xie Mei	56.0	98.00987420400828	1.9240489491886137			
I12	MC13	MC13	coral	S93	59.0		Xie Mei	59.0	98.00987420400828	1.9240489491886137			
J4	MC13	MC13	coral	S99	55.0		Xie Mei	55.0	98.00987420400828	1.9240489491886137			
J11	MC13	MC13	coral	S111	53.0		Xie Mei	53.0	98.00987420400828	1.9240489491886137			
AP10	MC13	MC13	coral	225	70.0		Xie Mei	70.0	98.00987420400828	1.979914870976324			
AP9	MC13	MC13	coral	221	72.0		Xie Mei	72.0	98.00987420400828	2.203378558127161			
J1	MC13	MC13	coral	S96	59.0		Xie Mei	59.0	98.00987420400828	1.9240489491886137			
J6	MC13	MC13	coral	S101	55.0		Xie Mei	55.0	98.00987420400828	1.9240489491886137			
BE5	MC13	MC13	coral	S94	54.0		Xie Mei	54.0	98.00987420400828	1.9240489491886137			
J10	MC13	MC13	coral	S108	65.0		Xie Mei	65.0	97.98659673659674	1.9240489491886137			
AK3	MC13	MC13	coral	S116	63.0		Xie Mei	63.0	98.00987420400828	1.9240489491886137			
J9	MC13	MC13	coral	S107	57.0		Xie Mei	57.0	98.00987420400828	1.9240489491886137			
I10	MC13	MC13	coral	S91	56.0		Xie Mei	56.0	98.00987420400828	1.9240489491886137			
BE6	MC13	MC13	coral	S95	100.0		Xie Mei	100.0	98.00987420400828	3.061319499866986			
I9	MC13	MC13	coral	S87	60.0		Xie Mei	60.0	98.00987420400828	1.9240489491886137			
BH12	MC13	MC13	coral	A230	113.0		Xie Mei	113.0	98.00987420400828	1.4584996009577014			
J5	MC13	MC13	coral	S100	55.0		Xie Mei	55.0	98.00987420400828	1.9240489491886137			
J2	MC13	MC13	coral	S97	58.0		Xie Mei	58.0	98.00987420400828	1.9240489491886137			
L12	MC13	MC13	coral	Y72	49.0		Xie Mei	49.0	98.53813578797148	3.7658337937667534			
CH12	MC9	MC9	coral	L199	55.0		Xie Mei	55.0	99.14073589352918	3.0087789305666406			
BE3	MC9	MC9	coral	L208	28.0		Xie Mei	28.0	99.14073589352918	2.63633945198191			
AH3	MC9	MC9	coral	S5-161	3.0		Xie Mei	280.0	99.28040069799846	5.707848674493433			
AG2	MC9	MC9	coral	L216	28.0		Xie Mei	28.0	99.28040069799846	3.2275871242351686			
H5	MC9	MC9	coral	L204	26.0		Xie Mei	26.0	99.28040069799846	3.2275871242351686			
M9	MC9	MC9	coral	Y167	37.0		Xie Mei	37.0	99.047626023883	2.4966746475126365			
P1	MC9	MC9	coral	Y897	33.0		Xie Mei	33.0	99.047626023883	2.4966746475126365			
CF4	MC9	MC9	coral	CF4	28.0		Luo Danli	28.0	99.047626023883	2.4966746475126365			
H10	MC9	MC9	coral	S5-137	36.0		Xie Mei	36.0	99.047626023883	2.63633945198191			
I4	MC9	MC9	coral	S5-117	29.0		Xie Mei	29.0	99.047626023883	2.4966746475126365			
BC10	MC9	MC9	coral	39	28.0		Xie Mei	28.0	99.34092211326848	2.706171854216547			
BB3	MC9	MC9	coral	88	29.0		Xie Mei	29.0	99.34092211326848	2.706171854216547			
C2	MC9	MC9	coral	89	26.0		Xie Mei	26.0	99.3967880350562	2.706171854216547			
GNM013035425	MC266		brown algae	HKCCC1153	26.0	LuoLab	Chu Xiao	26.0	97.0191710834169	4.403210073601135			submerged
GNM526588003444	MC254		bare flat	SZCCYKD179	60.0		Huang Yanyan	60.0	97.06905137072737	4.9020129467056845			intertidal
GNM526588003469	MC254		bare flat	SZCCYKF018	63.0		Huang Yanyan	63.0	97.06905137072737	5.181342555644233			intertidal
GNM013035625	MC254		brown algae	HKCCA5739	47.0	LuoLab	Chu Xiao	47.0	96.3590886146752	5.088232685998049			submerged
GNM013035375	MC254		brown algae	HKCCC1288	46.0	LuoLab	Chu Xiao	46.0	96.3590886146752	4.808903077059501			submerged
GNM526588003371	MC254		bare flat	SZCCBHA163	62.0		Huang Yanyan	62.0	96.3590886146752	5.321007360113506			intertidal
GNM000814005	MC102	MC102	coral	Ruegeria sp. ANG-S4	20.0	Others	-	20.0	98.21740642969692	4.538884455085572			
AM4	MC84	MC84	coral	A2S-15	47.0		Xie Mei	47.0	99.6740387173348	5.596568236233041			
CH11	MC73	MC73	coral	L163	62.0		Xie Mei	62.0	98.76621748828452	3.8099330836761			
GNM526588001288	MC274		mangrove	HKCCE4182	56.0		Zhou Zhichao	56.0	98.29887756563734	5.029263101888801			intertidal
GNM013032955	MC118		brown algae	HKCCA0806	69.0	LuoLab	Chu Xiao	69.0	98.06789346593814	3.082345959440932			submerged
E1	MC118	MC118	coral	M7-80	53.0		Xie Mei	53.0	98.29834039331244	1.490167188491211			
AM8	MC77	MC77	coral	A2T-2	156.0		Xie Mei	156.0	98.42357828391349	3.4982708167065706			
GNM013035475	MC270		brown algae	HKCCC1038	37.0	LuoLab	Chu Xiao	37.0	98.42357828391349	2.559856344772546			submerged
GNM013033515	MC268		brown algae	HKCCA6707	30.0	LuoLab	Chu Xiao	30.0	98.70290789285202	2.559856344772546			submerged
GNM013035825	MC282		brown algae	HKCCA5014	36.0	LuoLab	Chu Xiao	36.0	98.42357828391349	2.581343237767819			submerged
GNM4305	MC128	MC128	coral	HKCCD7255	39.0	LuoLab	Luo Danli	39.0	98.6679916917347	2.303804203245544			
GNM526588000032	MC279		coral	1A07714	40.0		Shao Zongze	40.0	99.16845724108296	3.1865573904680047			
GNM013035585	MC260		brown algae	HKCCA5839	25.0	LuoLab	Chu Xiao	25.0	97.83000286491908	2.878894574589612			submerged
GNM013033505	MC260		brown algae	HKCCA6948	28.0	LuoLab	Chu Xiao	28.0	97.83000286491908	2.878894574589612			submerged
GNM526588000033	MC269		coral	1A07737	34.0		Shao Zongze	34.0	98.64803957681052	3.328012769353552			
GNM013035655	MC259		brown algae	HKCCA5687	16.0	LuoLab	Chu Xiao	16.0	95.62102086214804	1.3933226922053736			submerged
GNM013035395	MC285		brown algae	HKCCC1250	44.0	LuoLab	Chu Xiao	44.0	96.12560473265368	2.0916467145517426			submerged
GNM013033635	MC259		brown algae	HKCCA6259	26.0	LuoLab	Chu Xiao	26.0	96.11375438560783	2.122683337767137			submerged
GNM013035805	MC259		brown algae	HKCCA4945	35.0	LuoLab	Chu Xiao	35.0	96.6261842276466	2.4640861931364726			submerged
H6	MC140	MC140	coral	L207	38.0		Xie Mei	38.0	97.38799225202446	3.528198989092844			
GNM013035485	MC273		brown algae	HKCCA6308	39.0	LuoLab	Chu Xiao	39.0	97.42825924759872	2.9715349827081674			submerged
AL1	MC42	MC42	coral	Y504	42.0		Xie Mei	42.0	98.86764073914912	3.0072270994058705			
K11	MC42	MC42	coral	S182	47.0		Xie Mei	47.0	98.62555507806904	3.053782034228961			
AM2	MC86	MC86	coral	A2S-12	30.0		Xie Mei	30.0	98.67031943847586	1.5356477786645386			
GNM013035435	MC112		brown algae	HKCCC1088	50.0	LuoLab	Chu Xiao	50.0	98.85188368428592	2.3270816706570896			submerged
GNM013035325	MC112		brown algae	HKCCC2136	43.0	LuoLab	Chu Xiao	43.0	98.85188368428592	2.3270816706570896			submerged
GNM3852	MC112	MC112	coral	HKCCD7299	43.0	LuoLab	Luo Danli	43.0	98.85188368428592	2.3270816706570896			
GN6	MC312		mussel	HKCCXB0179	50.0		Xie Mei	50.0	99.27965191233348	0.8206969938813515			intertidal
GN7	MC312		mussel	HKCCXB0180	61.0		Xie Mei	61.0	99.27965191233348	1.1155449144275962			intertidal
GC6	MC313		mussel	HKCCXB0056	8.0		Xie Mei	8.0	91.7486990042856	2.7025907053840017			subtidal
GJ7	MC92		mussel	HKCCXB0129	150.0		Xie Mei	150.0	99.23775247099267	5.820039629191782			subtidal
GK3	MC219		mussel	HKCCXB0137	13.0		Xie Mei	13.0	99.1446426013465	1.764210339629334			intertidal
GJ9	MC219		mussel	HKCCXB0131	962.0		Xie Mei	962.0	57.22897615766495	2.493332241935594			subtidal
GD6	MC35		mussel	HKCCXB0068	53.0		Xie Mei	53.0	98.68195817218162	3.415358694688304			subtidal
GC3	MC35		mussel	HKCCXB0053	47.0		Xie Mei	47.0	98.68195817218162	4.402323312937838			subtidal
GC5	MC35		mussel	HKCCXB0055	47.0		Xie Mei	47.0	98.68195817218162	4.402323312937838			subtidal
GC8	MC314		mussel	HKCCXB0058	34.0		Xie Mei	34.0	98.38887369613629	1.882149507847832			subtidal
GE7	MC28		mussel	HKCCXB0082	31.0		Xie Mei	31.0	97.99527288354103	3.0553338653897315			subtidal
GF3	MC28		mussel	HKCCXB0090	24.0		Xie Mei	24.0	97.99315675013996	2.822559191274275			subtidal
GL11	MC28		mussel	HKCCXB0160	39.0		Xie Mei	39.0	97.88043737764409	3.194998669859005			subtidal
GF2	MC315		mussel	HKCCXB0089	23.0		Xie Mei	23.0	96.8546769803753	2.478385208832136			subtidal
GN3	MC316		mussel	HKCCXB0176	50.0		Xie Mei	50.0	97.1107291219023	2.2944932162809253			intertidal
GB8	MC317		mussel	HKCCXB0038	31.0		Xie Mei	31.0	97.5059088955737	2.72765874721182			intertidal
GN8	MC227		mussel	HKCCXB0181	35.0		Xie Mei	35.0	98.31829250823662	3.495815171792825			subtidal
GH1	MC2s1		mussel	HKCCXB0189	37.0		Xie Mei	37.0	98.39585693635972	4.232252849571286			intertidal
GC4	MC144		mussel	HKCCXB0054	48.0		Xie Mei	48.0	98.1419209282338	2.963093703317168			subtidal
GM1	MC2s1		mussel	HKCCXB0162	45.0		Xie Mei	45.0	98.39585693635972	2.34677798923609			subtidal
GL3	MC2s1		mussel	HKCCXB0149	52.0		Xie Mei	52.0	98.39585693635972	3.9314363476374647			subtidal
GH4	MC2s1		mussel	HKCCXB0192	37.0		Xie Mei	37.0	98.37046333554711	2.7442855096486376			intertidal
GF11	MC318		mussel	HKCCXB0098	55.0		Xie Mei	55.0	97.35460535739864	4.456637403564778			intertidal
GB3	MC319		mussel	HKCCXB0023	53.0		Xie Mei	53.0	96.38658827206312	2.899707368981112			intertidal
GM3	MC319		mussel	HKCCXB0164	35.0		Xie Mei	35.0	96.38658827206312	2.9229848363926574			subtidal
GH9	MC319		mussel	HKCCXB0197	44.0		Xie Mei	44.0	96.38658827206312	2.8298749667464755			intertidal
GD2	MC320		mussel	HKCCXB0064	17.0		Xie Mei	17.0	97.66652342071336	2.23238586367078			subtidal
GL12	MC182		mussel	HKCCXB0161	29.0		Xie Mei	29.0	97.00753234971113	1.6215627947471525			subtidal
GO1	MC321		mussel	HKCCXB0186	80.0		Xie Mei	80.0	98.28179734604316	3.209834857879551			subtidal
GG1	MC321		mussel	HKCCXB0100	48.0		Xie Mei	48.0	98.19644663220082	2.967749196799476			intertidal
GH3	MC251		mussel	HKCCXB0191	105.0		Xie Mei	105.0	96.12015079892174	2.9278449669511124			intertidal
GB4	MC251		mussel	HKCCXB0024	41.0		Xie Mei	41.0	96.75437225716554	3.300284445535842			intertidal
GK4	MC251		mussel	HKCCXB0138	39.0		Xie Mei	39.0	96.75437225716554	3.4632267174166618			intertidal
GN11	MC116		mussel	HKCCXB0184	29.0		Xie Mei	29.0	97.8183641312133	2.6485153580125647			subtidal
GN2	MC116		mussel	HKCCXB0175	29.0		Xie Mei	29.0	97.8183641312133	2.6485153580125647			subtidal
GB6	MC251		mussel	HKCCXB0030	39.0		Xie Mei	39.0	96.75437225716554	2.6485153580125647			subtidal
GB5	MC251		mussel	HKCCXB0029	318.0		Xie Mei	318.0	92.85040223587708	3.1606196410665683			subtidal
GL4	MC251		mussel	HKCCXB0150	33.0		Xie Mei	33.0	96.75437225716554	3.076820758385004			subtidal
GH2	MC251		mussel	HKCCXB0190	24.0		Xie Mei	24.0	97.0337018661041	2.3691857490740174			intertidal
GM9	MC251		mussel	HKCCXB0170	35.0		Xie Mei	35.0	96.75437225716554	3.300284445535842			subtidal
GM6	MC116		mussel	HKCCXB0167	27.0		Xie Mei	27.0	97.8183641312133	2.6485153580125647			subtidal
GM10	MC26		mussel	HKCCXB0171	28.0		Xie Mei	28.0	99.55253545337344	2.6440986077857582			subtidal
GP7	MC26		mussel	HKCCXB0217	45.0		Xie Mei	45.0	98.93970322042948	2.5957701516360734			intertidal
GJ5	MC26		mussel	HKCCXB0127	37.0		Xie Mei	37.0	99.55253545337344	2.915669060920458			subtidal
GJ10	MC26		mussel	HKCCXB0132	41.0		Xie Mei	41.0	99.55253545337344	2.9090183559457308			subtidal
GK1	MC322		mussel	HKCCXB0135	95.0		Xie Mei	95.0	98.7145466265578	3.800212822559191			subtidal
GB10	MC0		mussel	HKCCXB0042	664.0		Xie Mei	664.0	86.40267476161331	1.9372395140551568			intertidal
GI5	MC0		mussel	HKCCXB0114	267.0		Xie Mei	267.0	96.49234843368924	2.344816883923029			intertidal
GF8	MC6		mussel	HKCCXB0095	30.0		Xie Mei	30.0	99.55253545337344	2.423516892790636			subtidal
GI3	MC0		mussel	HKCCXB0112	23.0		Xie Mei	23.0	98.3883365238114	1.7129999113239336			intertidal
GC2	MC258		mussel	HKCCXB0052	30.0		Xie Mei	30.0	98.57911408889062	3.516227720138335			subtidal
GE3	MC0		mussel	HKCCXB0078	15.0		Xie Mei	15.0	98.87537276503755	1.8154207679347345			subtidal
GC7	MC323		mussel	HKCCXB0057	38.0		Xie Mei	38.0	98.52621075386438	3.334663474328279			subtidal
GI7	MC258		mussel	HKCCXB0116	56.0		Xie Mei	56.0	99.50619213189046	3.430238016994508			intertidal
GD3	MC0		mussel	HKCCXB0065	31.0		Xie Mei	31.0	98.87537276503755	2.1319943247317545			subtidal
GL9	MC0		mussel	HKCCXB0156	34.0		Xie Mei	34.0	98.66587555833364	3.1158552806597504			subtidal
GN10	MC0		mussel	HKCCXB0183	17.0		Xie Mei	17.0	98.6891530257452	4.375942183204753			subtidal
GN9	MC0		mussel	HKCCXB0182	30.0		Xie Mei	30.0	98.3865459493951	2.0156069876740266			intertidal
GG9	MC6		mussel	HKCCXB0108	41.0		Xie Mei	41.0	98.55372048807804	1.2130885873902633			intertidal
GF10	MC6		mussel	HKCCXB0097	55.0		Xie Mei	55.0	98.55372048807804	1.3434424048949187			subtidal
GD1	MC324		mussel	HKCCXB0063	26.0		Xie Mei	26.0	98.0699723925981	2.6130619845703644			subtidal
GN5	MC324		mussel	HKCCXB0178	236.0		Xie Mei	236.0	98.31850412157677	6.76864414294582			intertidal
GD10	MC0		mussel	HKCCXB0072	18.0		Xie Mei	18.0	98.66766613274994	2.713931010020396			subtidal
GE5	MC325		mussel	HKCCXB0080	43.0		Xie Mei	43.0	98.89865023244911	2.4873636605480183			subtidal
GE12	MC325		mussel	HKCCXB0087	26.0		Xie Mei	26.0	98.33999101457202	1.3933226922053736			subtidal
GG8	MC0		mussel	HKCCXB0107	34.0		Xie Mei	34.0	98.40982341680666	2.1785492595548464			intertidal
GD9	MC0		mussel	HKCCXB0071	33.0		Xie Mei	33.0	98.3865459493951	2.1785492595548464			subtidal
GB12	MC0		mussel	HKCCXB0044	34.0		Xie Mei	34.0	98.66587555833364	1.8619757027578256			intertidal
GN12	MC6		mussel	HKCCXB0185	72.0		Xie Mei	72.0	98.49108293940697	1.9240489491886137			subtidal
GE11	MC0		mussel	HKCCXB0086	29.0		Xie Mei	29.0	98.31671354716048	2.737208477431941			subtidal
GC12	MC6		mussel	HKCCXB0062	38.0		Xie Mei	38.0	98.55372048807804	2.1552717921433			subtidal
GK10	MC326		mussel	HKCCXB0144	19.0		Xie Mei	19.0	97.39429099764295	2.126895450917797			intertidal
GF1	MC0		mussel	HKCCXB0088	24.0		Xie Mei	24.0	98.31671354716048	2.1785492595548464			subtidal
GI9	MC0		mussel	HKCCXB0118	31.0		Xie Mei	31.0	98.87537276503755	1.8154207679347345			intertidal
GP5	MC327		mussel	HKCCXB0215	104.0		Xie Mei	104.0	97.90138709831446	2.804602287842512			intertidal
GE4	MC6		mussel	HKCCXB0079	49.0		Xie Mei	49.0	98.60958640986574	1.6028198989092846			subtidal
GD4	MC0		mussel	HKCCXB0066	20.0		Xie Mei	20.0	99.2478122436223	2.793074399219651			subtidal
GI1	MC0		mussel	HKCCXB0077	22.0		Xie Mei	22.0	98.4424118711828	3.947636782832313			subtidal
GI11	MC0		mussel	HKCCXB0121	65.0		Xie Mei	65.0	98.36326848198355	1.8154207679347345			intertidal
GH10	MC0		mussel	HKCCXB0198	45.0		Xie Mei	45.0	98.3865459493951	2.1319943247317545			intertidal
GN1	MC0		mussel	HKCCXB0174	40.0		Xie Mei	40.0	98.40982341680666	2.1319943247317545			subtidal
GD11	MC9		mussel	HKCCXB0073	12.0		Xie Mei	12.0	98.7822628953914	3.730380420324554			subtidal
GD12	MC9		mussel	HKCCXB0074	16.0		Xie Mei	16.0	98.7822628953914	3.730380420324554			subtidal
GP3	MC328		mussel	HKCCXB0213	23.0		Xie Mei	23.0	98.76289213579716	2.2015879837108887			intertidal
GG3	MC329		mussel	HKCCXB0102	35.0		Xie Mei	35.0	97.7718091963902	3.9957435488161743			intertidal
GJ4	MC330		mussel	HKCCXB0126	91.0		Xie Mei	91.0	95.85226773445636	3.135807395583932			subtidal
GK8	MC330		mussel	HKCCXB0142	13.0		Xie Mei	13.0	97.2056792205494	3.694466613461027			intertidal
GL2	MC331		mussel	HKCCXB0148	64.0		Xie Mei	64.0	98.40362616898928	2.932295823357276			intertidal
GL1	MC332		mussel	HKCCXB0147	44.0		Xie Mei	44.0	97.13194011049748	3.218276137270552			intertidal
GE1	MC270		mussel	HKCCXB0075	34.0		Xie Mei	34.0	98.38866208279616	2.559856344772546			subtidal
GE10	MC270		mussel	HKCCXB0085	34.0		Xie Mei	34.0	98.14424867497492	2.117584463953179			subtidal
GG4	MC270		mussel	HKCCXB0103	38.0		Xie Mei	38.0	98.42357828391349	2.559856344772546			intertidal
GI2	MC270		mussel	HKCCXB0111	28.0		Xie Mei	28.0	98.14424867497492	2.117584463953179			intertidal
GK11	MC333		mussel	HKCCXB0145	60.0		Xie Mei	60.0	98.52832688726544	3.172573856931399			intertidal
GM5	MC334		mussel	HKCCXB0166	39.0		Xie Mei	39.0	99.10793582581292	3.0657533031834703			subtidal
GM11	MC334		mussel	HKCCXB0172	38.0		Xie Mei	38.0	99.10793582581292	3.0657533031834703			subtidal
GO7	MC12		mussel	HKCCXB0205	40.0		Xie Mei	40.0	99.1234541374206	1.859741748009904			intertidal
GF5	MC12		mussel	HKCCXB0092	27.0		Xie Mei	27.0	99.52693023922072	2.8465017291832933			subtidal
GO3	MC335		mussel	HKCCXB0201	35.0		Xie Mei	35.0	99.07534737143676	2.606172536340134			intertidal
GC1	MC1		mussel	HKCCXB0051	32.0		Xie Mei	32.0	99.3546769803753	2.387603085927108			subtidal
GO4	MC1		mussel	HKCCXB0202	48.0		Xie Mei	48.0	99.26156711072912	2.503990422984837			intertidal
GO8	MC12		mussel	HKCCXB0206	62.0		Xie Mei	62.0	99.47106431743303	2.1390884100381307			intertidal
GP2	MC12		mussel	HKCCXB0212	35.0		Xie Mei	35.0	99.10793582581292	1.409949454642192			intertidal
GH5	MC1		mussel	HKCCXB0193	34.0		Xie Mei	34.0	99.0520699040252	2.5971002926310187			intertidal
GL5	MC336		mussel	HKCCXB0151	55.0		Xie Mei	55.0	98.49975908635126	2.1253436197570275			subtidal
GO6	MC336		mussel	HKCCXB0204	67.0		Xie Mei	67.0	98.7790886952898	1.8227365434069345			intertidal
GO9	MC12		mussel	HKCCXB0207	45.0		Xie Mei	45.0	99.47106431743303	1.803875826222195			intertidal
GP4	MC12		mussel	HKCCXB0214	127.0		Xie Mei	127.0	98.24666953158574	1.3168395849960095			intertidal
GH11	MC337		mussel	HKCCXB0199	43.0		Xie Mei	43.0	98.5949850893985	2.451228163518666			intertidal
GH12	MC265		mussel	HKCCXB0200	32.0		Xie Mei	32.0	98.8891276321444	2.3674292808371016			intertidal
GO2	MC103		mussel	HKCCXB0187	34.0		Xie Mei	34.0	98.21408107720956	3.465460672164583			subtidal
GK6	MC103		mussel	HKCCXB0140	102.0		Xie Mei	102.0	98.46007344610696	6.593508911944667			intertidal
GG5	MC15		mussel	HKCCXB0104	32.0		Xie Mei	32.0	98.46801708533552	3.60268688480979			intertidal
GP1	MC103		mussel	HKCCXB0211	36.0		Xie Mei	36.0	98.21408107720956	3.1302651414383256			intertidal
GE2	MC15		mussel	HKCCXB0076	31.0		Xie Mei	31.0	98.46801708533552	3.60268688480979			subtidal
GJ2	MC338		mussel	HKCCXB0124	21.0		Xie Mei	21.0	98.49341068614812	4.062028908397624			intertidal
GG6	MC8		mussel	HKCCXB0105	70.0		Xie Mei	70.0	99.08532342889885	2.746076084064911			intertidal
GD5	MC8		mussel	HKCCXB0067	44.0		Xie Mei	44.0	99.08532342889885	4.003059324288374			subtidal
GF7	MC8		mussel	HKCCXB0094	85.0		Xie Mei	85.0	98.35631547223726	2.1315509444001064			subtidal
GE9	MC8		mussel	HKCCXB0084	45.0		Xie Mei	45.0	99.08532342889885	3.44440010641128			subtidal
GE6	MC8		mussel	HKCCXB0081	40.0		Xie Mei	40.0	98.2473346020832	2.708832136206438			subtidal
GF9	MC8		mussel	HKCCXB0096	35.0		Xie Mei	35.0	98.41662527416716	3.0486831604150044			subtidal
GD8	MC8		mussel	HKCCXB0070	45.0		Xie Mei	45.0	98.48546704691957	2.415314356655139			subtidal
GM4	MC339		mussel	HKCCXB0165	21.0		Xie Mei	21.0	98.95896003437905	1.1372705506783718			subtidal
GM7	MC340		mussel	HKCCXB0168	28.0		Xie Mei	28.0	98.60979802320584	1.0700984304336258			subtidal
GL7	MC23		mussel	HKCCXB0154	23.0		Xie Mei	23.0	98.66566394499355	2.2479382814578344			subtidal
GH7	MC23		mussel	HKCCXB0195	42.0		Xie Mei	42.0	98.66566394499355	2.3113246157938896			intertidal
GG2	MC23		mussel	HKCCXB0101	24.0		Xie Mei	24.0	98.4928735138232	1.852221335461559			intertidal
GM12	MC23		mussel	HKCCXB0173	80.0		Xie Mei	80.0	98.56324308838276	1.8603231033398628			subtidal
GI4	MC19		mussel	HKCCXB0113	32.0		Xie Mei	32.0	98.6278556948948	2.396914072891726			intertidal
GI8	MC341		mussel	HKCCXB0117	237.0		Xie Mei	237.0	97.71295743362782	2.490023942537909			intertidal
GG11	MC19		mussel	HKCCXB0110	32.0		Xie Mei	32.0	98.40439200774397	2.6250332535248733			intertidal
GO12	MC175		mussel	HKCCXB0210	57.0		Xie Mei	57.0	97.54834550923935	3.7527199678037664			intertidal
GO10	MC342		mussel	HKCCXB0208	30.0		Xie Mei	30.0	97.4686649477152	2.0474962653733604			intertidal
GH6	MC175		mussel	HKCCXB0194	44.0		Xie Mei	44.0	97.54834550923935	4.561224002564784			intertidal
GC11	MC44		mussel	HKCCXB0061	33.0		Xie Mei	33.0	98.9705987680848	3.475436729626673			subtidal
GC9	MC50		mussel	HKCCXB0059	35.0		Xie Mei	35.0	98.84436327173758	2.6840028376341225			subtidal
GG10	MC24		mussel	HKCCXB0109	50.0		Xie Mei	50.0	98.84436327173758	2.474505630930212			intertidal
GE8	MC113		mussel	HKCCXB0083	40.0		Xie Mei	40.0	98.94911187508954	2.381395761284029			subtidal
GL8	MC37		mussel	HKCCXB0155	40.0		Xie Mei	40.0	98.90076636585016	2.521060565753303			subtidal
GB9	MC37		mussel	HKCCXB0041	82.0		Xie Mei	82.0	98.45228716038773	2.474505630930212			intertidal
GF12	MC48		mussel	HKCCXB0099	61.0		Xie Mei	61.0	99.08465835840138	3.570662732673906			intertidal
GK7	MC113		mussel	HKCCXB0141	78.0		Xie Mei	78.0	98.94911187508954	3.160979306230703			intertidal
GO11	MC30		mussel	HKCCXB0209	59.0		Xie Mei	59.0	98.15355966193955	2.160796993199228			intertidal
GP6	MC30		mussel	HKCCXB0216	324.0		Xie Mei	324.0	95.0623104394054	1.7293879305052489			intertidal
GN4	MC30		mussel	HKCCXB0177	30.0		Xie Mei	30.0	98.15355966193955	1.5340959475037683			intertidal
GM8	MC30		mussel	HKCCXB0169	31.0		Xie Mei	31.0	98.03896289929808	2.2539068628454104			subtidal
GD7	MC30		mussel	HKCCXB0069	55.0		Xie Mei	55.0	98.06044979229335	1.906860985073276			subtidal
GI10	MC11s3		mussel	HKCCXB0120	19.0		Xie Mei	19.0	99.23775247099267	1.7083444178416245			intertidal
GK5	MC11s3		mussel	HKCCXB0139	180.0		Xie Mei	180.0	99.23775247099267	4.105600054088388			intertidal
GC10	MC11s3		mussel	HKCCXB0060	13.0		Xie Mei	13.0	99.23775247099267	1.987674026780172			subtidal
GI6	MC11s3		mussel	HKCCXB0115	12.0		Xie Mei	12.0	99.21780035606852	1.7083444178416245			intertidal
GF4	MC11s3		mussel	HKCCXB0091	15.0		Xie Mei	15.0	99.23775247099267	1.7362773787354793			subtidal
GK9	MC11s3		mussel	HKCCXB0143	25.0		Xie Mei	25.0	98.86531299240796	1.6035958144896691			intertidal
GJ8	MC11s3		mussel	HKCCXB0130	542.0		Xie Mei	542.0	99.18188654920498	8.974538031800602			subtidal
GJ3	MC11s4		mussel	HKCCXB0125	14.0		Xie Mei	14.0	99.17955880246382	1.7083444178416245			subtidal
GJ6	MC11s3		mussel	HKCCXB0128	36.0		Xie Mei	36.0	98.97238934250107	1.801454287487807			subtidal
GK2	MC11s3		mussel	HKCCXB0136	11.0		Xie Mei	11.0	99.23775247099267	2.286955750642901			intertidal
GL10	MC11s3		mussel	HKCCXB0159	17.0		Xie Mei	17.0	99.1446426013465	1.7083444178416245			subtidal
GP8	MC11s3		mussel	HKCCXB0218	65.0		Xie Mei	65.0	98.86531299240796	2.539486930712695			intertidal
